D_id,G_id,paper
MESH:C536201,126792,9
MESH:C536201,411,1
MESH:C536201,11285,12
MESH:C536201,7018,1
MESH:C536201,91252,5
MESH:C536201,2006,1
MESH:C536201,29940,1
MESH:C536201,3425,2
MESH:C536201,53947,3
MESH:C536201,1758,1
MESH:C536201,259,1
MESH:C536201,2688,1
MESH:C536201,23169,1
MESH:C536201,51025,1
MESH:C536201,1437,1
MESH:C536201,2523,1
MESH:C536201,3636,1
MESH:C536201,5047,1
MESH:C536201,2582,1
MESH:C536201,250,1
MESH:C536201,249,1
MESH:C536201,10058,1
MESH:C536201,26229,1
MESH:C536201,64132,1
MESH:C536201,64131,1
MESH:C536201,56925,1
MESH:C536201,11096,1
MESH:C536201,9507,1
MESH:C536201,7045,1
MESH:C536201,4070,1
MESH:C536201,25987,1
MESH:C536201,102723407,1
MESH:C536201,2524,1
MESH:C536201,3630,1
MESH:C536201,3990,1
MESH:C536201,4035,1
MESH:C536201,2683,1
MESH:C536201,12,1
MESH:C536201,2525,1
MESH:C536201,949,1
MESH:C536201,4023,1
MESH:C536201,213,1
MESH:C536817,126792,2
MESH:C536817,8558,1
MESH:C536817,11285,1
MESH:C536817,91252,1
MESH:C535786,2688,1
MESH:D007873,2153,3
MESH:D007873,5308,1
MESH:D007873,64399,25
MESH:D007873,4524,3
MESH:D007873,1277,2
MESH:D007873,1280,2
MESH:D007873,2147,4
MESH:D007873,7124,1
MESH:D007873,3146,2
MESH:D007873,5973,5
MESH:D007873,3552,1
MESH:D007873,3569,2
MESH:D007873,721,1
MESH:D007873,10482,2
MESH:D007873,7422,3
MESH:D007873,5362,3
MESH:D007873,875,1
MESH:D007873,2688,1
MESH:D007873,5573,1
MESH:D007873,23588,2
MESH:D007873,8195,1
MESH:D007873,7432,1
MESH:D007873,5320,1
MESH:D007873,23013,1
MESH:D007873,80757,1
MESH:D007873,319,1
MESH:D007873,6280,1
MESH:D007873,5004,1
MESH:D007873,345,1
MESH:D007873,3075,1
MESH:D007873,348,1
MESH:D007873,6279,1
MESH:D007873,462,1
MESH:D007873,5624,1
MESH:D007873,2157,1
MESH:D007873,1161,1
MESH:D007873,114131,1
MESH:D007873,3553,2
MESH:D007873,2335,2
MESH:D007873,7431,2
MESH:D007873,633,1
MESH:D007873,4982,1
MESH:D007873,5111,1
MESH:D007873,121340,1
MESH:D007873,8600,1
MESH:D007873,847,1
MESH:D007873,43,1
MESH:D007873,6647,1
MESH:D007873,373156,1
MESH:D007873,3479,1
MESH:D007873,2691,1
MESH:D007873,5741,1
MESH:D007873,6199,1
MESH:D007873,8322,1
MESH:D007873,23554,1
MESH:D007873,4041,1
MESH:D007873,4693,1
MESH:D007873,56925,1
MESH:D007873,3240,1
MESH:D007873,1351,1
MESH:D007873,78996,1
MESH:D007873,10687,1
MESH:D007873,3549,1
MESH:D007873,7040,1
MESH:D007873,2158,1
MESH:D007873,3029,1
MESH:D007873,4018,1
MESH:D007873,1836,1
MESH:D007873,7415,1
MESH:D007873,2520,1
MESH:D007873,23336,1
MESH:D007873,50489,1
MESH:D007873,5447,1
MESH:D007873,909,1
MESH:D007873,3753,1
MESH:D007873,968,1
MESH:D007873,7345,1
MESH:D007873,3655,1
MESH:D007873,3673,1
MESH:D007873,3678,1
MESH:D007873,3683,1
MESH:C562492,4920,12
MESH:C562492,7474,12
MESH:C562492,1855,7
MESH:C562492,1857,5
MESH:C562492,144165,1
MESH:C562492,387,2
MESH:C562492,6259,1
MESH:C562492,650,1
MESH:C562492,6850,1
MESH:C562492,5727,1
MESH:C562492,57379,1
MESH:C562492,5599,2
MESH:C562492,9333,1
MESH:C562492,6714,1
MESH:C562492,5868,1
MESH:C562492,5979,1
MESH:C562492,11005,1
MESH:C562492,2245,1
MESH:C562492,925,1
MESH:C562492,920,1
MESH:C562492,1856,1
MESH:C562492,64399,1
MESH:C562492,3630,1
MESH:C562492,3952,1
MESH:C562492,64093,1
MESH:C562492,56655,1
MESH:C562492,5881,1
MESH:C562492,2239,1
MESH:C562492,2535,1
MESH:C562492,64359,1
MESH:C562492,367,1
MESH:D003398,2263,395
MESH:D003398,2261,203
MESH:D003398,7291,179
MESH:D003398,2260,132
MESH:D003398,4488,57
MESH:D003398,3569,72
MESH:D003398,2077,24
MESH:D003398,860,43
MESH:D003398,9970,69
MESH:D003398,8313,6
MESH:D003398,4745,22
MESH:D003398,6938,23
MESH:D003398,649,23
MESH:D003398,1947,37
MESH:D003398,60529,10
MESH:D003398,2247,30
MESH:D003398,5447,20
MESH:D003398,5310,5
MESH:D003398,3596,24
MESH:D003398,90865,8
MESH:D003398,2056,26
MESH:D003398,5594,11
MESH:D003398,4091,14
MESH:D003398,3552,20
MESH:D003398,5973,23
MESH:D003398,1945,7
MESH:D003398,930,48
MESH:D003398,3567,33
MESH:D003398,2254,8
MESH:D003398,3557,2
MESH:D003398,7124,35
MESH:D003398,4524,1
MESH:D003398,3553,10
MESH:D003398,650,25
MESH:D003398,2244,10
MESH:D003398,64919,6
MESH:D003398,313,2
MESH:D003398,2658,3
MESH:D003398,5726,6
MESH:D003398,9607,19
MESH:D003398,3605,19
MESH:D003398,1431,17
MESH:D003398,84231,3
MESH:D003398,920,16
MESH:D003398,2737,9
MESH:D003398,5251,14
MESH:D003398,57379,22
MESH:D003398,3845,8
MESH:D003398,6926,1
MESH:D003398,925,17
MESH:D003398,730249,3
MESH:D003398,653509,3
MESH:D003398,5393,1
MESH:D003398,158326,3
MESH:D003398,2248,3
MESH:D003398,3458,24
MESH:D003398,632,19
MESH:D003398,7253,12
MESH:D003398,7039,18
MESH:D003398,9241,9
MESH:D003398,7040,15
MESH:D003398,5327,6
MESH:D003398,3630,11
MESH:D003398,4041,2
MESH:D003398,207,10
MESH:D003398,3565,15
MESH:D003398,7545,5
MESH:D003398,5789,1
MESH:D003398,23522,4
MESH:D003398,808,9
MESH:D003398,8074,12
MESH:D003398,8318,8
MESH:D003398,4586,8
MESH:D003398,1401,21
MESH:D003398,3576,21
MESH:D003398,9401,11
MESH:D003398,23384,4
MESH:D003398,64399,17
MESH:D003398,8036,2
MESH:D003398,257,10
MESH:D003398,1499,6
MESH:D003398,3456,1
MESH:D003398,1363,1
MESH:D003398,10238,1
MESH:D003398,3589,9
MESH:D003398,3265,4
MESH:D003398,171023,7
MESH:D003398,11261,11
MESH:D003398,3590,11
MESH:D003398,2778,6
MESH:D003398,3572,4
MESH:D003398,250,17
MESH:D003398,6495,1
MESH:D003398,5172,1
MESH:D003398,1755,1
MESH:D003398,2931,4
MESH:D003398,973,4
MESH:D003398,2264,14
MESH:D003398,2249,4
MESH:D003398,10631,7
MESH:D003398,51715,12
MESH:D003398,10344,2
MESH:D003398,7048,15
MESH:D003398,6469,10
MESH:D003398,3586,16
MESH:D003398,122786,1
MESH:D003398,3549,6
MESH:D003398,1351,12
MESH:D003398,940,7
MESH:D003398,222256,2
MESH:D003398,9350,2
MESH:D003398,6352,5
MESH:D003398,2200,13
MESH:D003398,3558,13
MESH:D003398,51659,1
MESH:D003398,3480,11
MESH:D003398,5293,1
MESH:D003398,10178,1
MESH:D003398,2735,4
MESH:D003398,6358,12
MESH:D003398,54880,2
MESH:D003398,943,3
MESH:D003398,51297,1
MESH:D003398,10047,4
MESH:D003398,79648,2
MESH:D003398,4000,2
MESH:D003398,3600,3
MESH:D003398,84168,3
MESH:D003398,2253,8
MESH:D003398,384,1
MESH:D003398,80341,1
MESH:D003398,653820,1
MESH:D003398,6493,1
MESH:D003398,149233,1
MESH:D003398,23463,1
MESH:D003398,1437,14
MESH:D003398,240,2
MESH:D003398,2719,7
MESH:D003398,56603,7
MESH:D003398,5979,2
MESH:D003398,268,3
MESH:D003398,57492,6
MESH:D003398,5311,1
MESH:D003398,50937,1
MESH:D003398,5156,4
MESH:D003398,2625,2
MESH:D003398,85480,2
MESH:D003398,673,5
MESH:D003398,55553,3
MESH:D003398,2147,6
MESH:D003398,5091,1
MESH:D003398,249,11
MESH:D003398,6362,1
MESH:D003398,1649,1
MESH:D003398,3440,1
MESH:D003398,2334,1
MESH:D003398,7035,1
MESH:D003398,4990,1
MESH:D003398,5727,7
MESH:D003398,2688,5
MESH:D003398,7046,8
MESH:D003398,2316,3
MESH:D003398,652,8
MESH:D003398,10959,3
MESH:D003398,6615,6
MESH:D003398,3170,1
MESH:D003398,23411,1
MESH:D003398,55636,1
MESH:D003398,5443,4
MESH:D003398,3479,7
MESH:D003398,608,10
MESH:D003398,6696,10
MESH:D003398,57539,8
MESH:D003398,727897,3
MESH:D003398,64175,1
MESH:D003398,80199,1
MESH:D003398,64219,1
MESH:D003398,80036,1
MESH:D003398,27241,4
MESH:D003398,6734,4
MESH:D003398,6497,9
MESH:D003398,8626,4
MESH:D003398,3091,4
MESH:D003398,1513,7
MESH:D003398,7042,7
MESH:D003398,2255,7
MESH:D003398,182,5
MESH:D003398,5788,5
MESH:D003398,50943,5
MESH:D003398,121340,5
MESH:D003398,7994,5
MESH:D003398,7422,5
MESH:D003398,4487,5
MESH:D003398,9734,3
MESH:D003398,64806,3
MESH:D003398,5008,3
MESH:D003398,1586,8
MESH:D003398,7043,6
MESH:D003398,213,6
MESH:D003398,5133,4
MESH:D003398,5595,4
MESH:D003398,3606,4
MESH:D003398,126669,4
MESH:D003398,6295,4
MESH:D003398,6949,4
MESH:D003398,4318,4
MESH:D003398,27245,4
MESH:D003398,1956,4
MESH:D003398,54507,2
MESH:D003398,1969,2
MESH:D003398,2146,2
MESH:D003398,26229,2
MESH:D003398,54205,2
MESH:D003398,286,2
MESH:D003398,5648,5
MESH:D003398,78989,5
MESH:D003398,23049,5
MESH:D003398,3574,5
MESH:D003398,6037,5
MESH:D003398,999,3
MESH:D003398,102723407,3
MESH:D003398,10075,3
MESH:D003398,2246,3
MESH:D003398,53834,3
MESH:D003398,1000,3
MESH:D003398,1942,1
MESH:D003398,362,1
MESH:D003398,4250,1
MESH:D003398,1308,1
MESH:D003398,5900,1
MESH:D003398,5414,1
MESH:D003398,2149,1
MESH:D003398,8909,6
MESH:D003398,1589,6
MESH:D003398,2259,1
MESH:D003398,10611,1
MESH:D003398,1636,4
MESH:D003398,3570,4
MESH:D003398,51497,4
MESH:D003398,3578,4
MESH:D003398,2041,4
MESH:D003398,8600,4
MESH:D003398,2252,4
MESH:D003398,5578,4
MESH:D003398,351,2
MESH:D003398,8085,2
MESH:D003398,1654,2
MESH:D003398,27086,2
MESH:D003398,7021,2
MESH:D003398,4982,2
MESH:D003398,10252,2
MESH:D003398,2159,2
MESH:D003398,5396,2
MESH:D003398,8510,2
MESH:D003398,3976,5
MESH:D003398,968,5
MESH:D003398,79813,5
MESH:D003398,57728,5
MESH:D003398,655,3
MESH:D003398,5599,3
MESH:D003398,3190,3
MESH:D003398,5034,3
MESH:D003398,1749,3
MESH:D003398,3664,3
MESH:D003398,6608,3
MESH:D003398,6774,3
MESH:D003398,7076,3
MESH:D003398,27181,3
MESH:D003398,241,3
MESH:D003398,4774,3
MESH:D003398,4155,3
MESH:D003398,6382,3
MESH:D003398,4763,3
MESH:D003398,2323,3
MESH:D003398,64324,3
MESH:D003398,4137,3
MESH:D003398,5562,1
MESH:D003398,8740,1
MESH:D003398,64135,1
MESH:D003398,23429,1
MESH:D003398,6368,1
MESH:D003398,6299,1
MESH:D003398,89970,1
MESH:D003398,2195,1
MESH:D003398,5498,1
MESH:D003398,5894,1
MESH:D003398,59272,4
MESH:D003398,60,4
MESH:D003398,7204,4
MESH:D003398,246778,4
MESH:D003398,5741,4
MESH:D003398,10584,4
MESH:D003398,2064,4
MESH:D003398,2176,4
MESH:D003398,6356,4
MESH:D003398,4353,4
MESH:D003398,55764,4
MESH:D003398,10752,4
MESH:D003398,1595,4
MESH:D003398,56172,2
MESH:D003398,259266,2
MESH:D003398,6198,2
MESH:D003398,71,2
MESH:D003398,246,2
MESH:D003398,820,2
MESH:D003398,1440,2
MESH:D003398,89780,2
MESH:D003398,6606,2
MESH:D003398,6403,2
MESH:D003398,10563,2
MESH:D003398,1356,2
MESH:D003398,4094,2
MESH:D003398,64094,2
MESH:D003398,22941,2
MESH:D003398,6036,2
MESH:D003398,1080,2
MESH:D003398,171389,2
MESH:D003398,654,2
MESH:D003398,931,2
MESH:D003398,5077,2
MESH:D003398,5083,2
MESH:D003398,1746,2
MESH:D003398,6369,2
MESH:D003398,1230,2
MESH:D003398,6664,2
MESH:D003398,4780,2
MESH:D003398,2306,2
MESH:D003398,169792,2
MESH:D003398,6387,2
MESH:D003398,7852,2
MESH:D003398,10903,2
MESH:D003398,7294,2
MESH:D003398,3791,2
MESH:D003398,3563,2
MESH:D003398,23336,2
MESH:D003398,8092,2
MESH:D003398,5744,2
MESH:D003398,10743,2
MESH:D003398,5728,2
MESH:D003398,5605,2
MESH:D003398,9469,2
MESH:D003398,8817,2
MESH:D003398,2251,2
MESH:D003398,5308,2
MESH:D003398,675,2
MESH:D003398,4843,2
MESH:D003398,114548,3
MESH:D003398,2710,3
MESH:D003398,933,3
MESH:D003398,7157,3
MESH:D003398,1277,3
MESH:D003398,10491,3
MESH:D003398,4790,3
MESH:D003398,867,3
MESH:D003398,1270,3
MESH:D003398,6347,3
MESH:D003398,651,3
MESH:D003398,5340,3
MESH:D003398,54474,3
MESH:D003398,58499,3
MESH:D003398,10728,3
MESH:D003398,1432,3
MESH:D003398,11197,3
MESH:D003398,117581,3
MESH:D003398,960,3
MESH:D003398,5950,3
MESH:D003398,727,3
MESH:D003398,730,3
MESH:D003398,718,3
MESH:D003398,729,3
MESH:D003398,9332,3
MESH:D003398,55777,3
MESH:D003398,54499,3
MESH:D003398,23545,3
MESH:D003398,720,3
MESH:D003398,4684,3
MESH:D003398,2335,3
MESH:D003398,112752,3
MESH:D003398,3897,3
MESH:D003398,222894,3
MESH:D003398,152330,3
MESH:D003398,1482,3
MESH:D003398,2178,3
MESH:D003398,1588,3
MESH:D003398,4204,3
MESH:D003398,5205,1
MESH:D003398,26123,1
MESH:D003398,4853,1
MESH:D003398,29123,1
MESH:D003398,58,1
MESH:D003398,7111,1
MESH:D003398,8831,1
MESH:D003398,7549,1
MESH:D003398,5122,1
MESH:D003398,10535,1
MESH:D003398,1028,1
MESH:D003398,8301,1
MESH:D003398,80321,1
MESH:D003398,7403,1
MESH:D003398,23135,1
MESH:D003398,7546,1
MESH:D003398,64840,1
MESH:D003398,2908,1
MESH:D003398,57498,1
MESH:D003398,23152,1
MESH:D003398,5609,1
MESH:D003398,1545,1
MESH:D003398,6999,1
MESH:D003398,55799,1
MESH:D003398,112802,1
MESH:D003398,253827,1
MESH:D003398,4689,1
MESH:D003398,162083,1
MESH:D003398,157570,1
MESH:D003398,857,1
MESH:D003398,4057,1
MESH:D003398,285782,1
MESH:D003398,1960,1
MESH:D003398,5734,1
MESH:D003398,5732,1
MESH:D003398,83756,1
MESH:D003398,6236,1
MESH:D003398,5742,1
MESH:D003398,4140,1
MESH:D003398,64129,1
MESH:D003398,2201,1
MESH:D003398,10643,1
MESH:D003398,100187907,1
MESH:D003398,9235,1
MESH:D003398,11156,1
MESH:D003398,4915,1
MESH:D003398,2865,1
MESH:D003398,391104,1
MESH:D003398,5746,1
MESH:D003398,27180,1
MESH:D003398,6363,1
MESH:D003398,10850,1
MESH:D003398,2523,1
MESH:D003398,55120,1
MESH:D003398,4153,1
MESH:D003398,643,1
MESH:D003398,56477,1
MESH:D003398,6370,1
MESH:D003398,57007,1
MESH:D003398,6424,1
MESH:D003398,7412,1
MESH:D003398,22915,1
MESH:D003398,5864,1
MESH:D003398,5878,1
MESH:D003398,4969,1
MESH:D003398,5067,1
MESH:D003398,947,1
MESH:D003398,9825,1
MESH:D003398,567,1
MESH:D003398,7528,1
MESH:D003398,64132,1
MESH:D003398,1056,1
MESH:D003398,5800,1
MESH:D003398,1629,1
MESH:D003398,3852,1
MESH:D003398,7431,1
MESH:D003398,10716,1
MESH:D003398,6834,1
MESH:D003398,9560,1
MESH:D003398,83696,1
MESH:D003398,354,1
MESH:D003398,23063,1
MESH:D003398,1470,1
MESH:D003398,6329,1
MESH:D003398,23233,1
MESH:D003398,6622,1
MESH:D003398,154,1
MESH:D003398,3645,1
MESH:D003398,5631,1
MESH:D003398,431707,1
MESH:D003398,256435,1
MESH:D003398,10544,1
MESH:D003398,23495,1
MESH:D003398,4239,1
MESH:D003398,5069,1
MESH:D003398,26291,1
MESH:D003398,29957,1
MESH:D003398,2305,1
MESH:D003398,540,1
MESH:D003398,2592,1
MESH:D003398,2817,1
MESH:D003398,563,1
MESH:D003398,4212,1
MESH:D003398,2290,1
MESH:D003398,10637,1
MESH:D003398,7044,1
MESH:D003398,4838,1
MESH:D003398,29072,1
MESH:D003398,822,1
MESH:D003398,28981,1
MESH:D003398,5362,1
MESH:D003398,4043,1
MESH:D003398,846,1
MESH:D003398,8243,1
MESH:D003398,4613,1
MESH:D003398,2869,1
MESH:D003398,2321,1
MESH:D003398,5653,1
MESH:D003398,6422,1
MESH:D003398,9260,1
MESH:D003398,27344,1
MESH:D003398,2019,1
MESH:D003398,3036,1
MESH:D003398,3209,1
MESH:D003398,2626,1
MESH:D003398,9759,1
MESH:D003398,90,1
MESH:D003398,5745,1
MESH:D003398,3952,1
MESH:D003398,472,1
MESH:D003398,5917,1
MESH:D003398,27299,1
MESH:D003398,5781,1
MESH:D003398,79068,1
MESH:D003398,23389,1
MESH:D003398,25803,1
MESH:D003398,8655,1
MESH:D003398,9024,1
MESH:D003398,1158,1
MESH:D003398,81555,1
MESH:D003398,54432,1
MESH:D003398,78992,1
MESH:D003398,1493,2
MESH:D003398,2875,2
MESH:D003398,4174,2
MESH:D003398,10664,2
MESH:D003398,51135,2
MESH:D003398,160364,2
MESH:D003398,5430,2
MESH:D003398,2475,2
MESH:D003398,4436,2
MESH:D003398,7428,2
MESH:D003398,3799,2
MESH:D003398,1278,2
MESH:D003398,11201,2
MESH:D003398,728378,2
MESH:D003398,1822,2
MESH:D003398,1489,2
MESH:D003398,5530,2
MESH:D003398,7070,2
MESH:D003398,6591,2
MESH:D003398,2214,2
MESH:D003398,1954,2
MESH:D003398,5729,2
MESH:D003398,5053,2
MESH:D003398,383,2
MESH:D003398,4920,2
MESH:D003398,7474,2
MESH:D003398,292,2
MESH:D003398,7082,2
MESH:D003398,30009,2
MESH:D003398,919,2
MESH:D003398,6491,2
MESH:D003398,836,2
MESH:D003398,5731,2
MESH:D003398,545,2
MESH:D003398,833,2
MESH:D003398,4072,2
MESH:D003398,2736,2
MESH:D003398,50848,2
MESH:D003398,1991,2
MESH:D003398,2993,2
MESH:D003398,1043,2
MESH:D003398,2296,2
MESH:D003398,6423,2
MESH:D003398,3575,2
MESH:D003398,6624,2
MESH:D003398,1084,2
MESH:D003398,4691,2
MESH:D003398,80816,2
MESH:D003398,6647,2
MESH:D003398,10482,2
MESH:D003398,3381,2
MESH:D003398,285590,2
MESH:D003398,7472,2
MESH:D003398,4879,2
MESH:D003398,969,2
MESH:D003398,1178,2
MESH:D003398,921,2
MESH:D003398,3105,2
MESH:D003398,23511,2
MESH:D003398,7490,2
MESH:D003398,59067,2
MESH:D003398,3593,2
MESH:D003398,26121,2
MESH:D003398,924,2
MESH:D003398,392255,2
MESH:D003398,8200,2
MESH:D003398,909,2
MESH:D003398,2180,2
MESH:D003398,10818,2
MESH:D003398,26122,2
MESH:D003398,10225,2
MESH:D003398,9742,2
MESH:D003398,51098,2
MESH:D003398,1613,2
MESH:D003398,57633,2
MESH:D003398,3708,2
MESH:D003398,51185,2
MESH:D003398,5159,2
MESH:D003398,284058,2
MESH:D003398,3643,2
MESH:D003398,4051,2
MESH:D003398,23498,2
MESH:D003398,9662,2
MESH:D003398,7337,2
MESH:D003398,3207,2
MESH:D003398,1758,2
MESH:D003398,1030,2
MESH:D003398,84680,2
MESH:D003398,2006,2
MESH:D003398,5079,2
MESH:D003398,174,2
MESH:D003398,29126,1
MESH:D003398,3601,1
MESH:D003398,3008,1
MESH:D003398,1984,1
MESH:D003398,356,1
MESH:D003398,8549,1
MESH:D003398,4172,1
MESH:D003398,4176,1
MESH:D003398,4175,1
MESH:D003398,4171,1
MESH:D003398,4173,1
MESH:D003398,91937,1
MESH:D003398,1958,1
MESH:D003398,6528,1
MESH:D003398,9314,1
MESH:D003398,4771,1
MESH:D003398,6598,1
MESH:D003398,1739,1
MESH:D003398,168667,1
MESH:D003398,9201,1
MESH:D003398,5553,1
MESH:D003398,1978,1
MESH:D003398,6223,1
MESH:D003398,4595,1
MESH:D003398,2184,1
MESH:D003398,2073,1
MESH:D003398,29102,1
MESH:D003398,11200,1
MESH:D003398,338339,1
MESH:D003398,8291,1
MESH:D003398,3805,1
MESH:D003398,5479,1
MESH:D003398,11331,1
MESH:D003398,4125,1
MESH:D003398,64425,1
MESH:D003398,10733,1
MESH:D003398,6717,1
MESH:D003398,5518,1
MESH:D003398,4851,1
MESH:D003398,8850,1
MESH:D003398,55017,1
MESH:D003398,6925,1
MESH:D003398,8771,1
MESH:D003398,4803,1
MESH:D003398,6285,1
MESH:D003398,6281,1
MESH:D003398,10232,1
MESH:D003398,2960,1
MESH:D003398,3439,1
MESH:D003398,3140,1
MESH:D003398,3627,1
MESH:D003398,6713,1
MESH:D003398,1723,1
MESH:D003398,10262,1
MESH:D003398,9343,1
MESH:D003398,4907,1
MESH:D003398,648,1
MESH:D003398,8792,1
MESH:D003398,7177,1
MESH:D003398,4208,1
MESH:D003398,9986,1
MESH:D003398,85440,1
MESH:D003398,8720,1
MESH:D003398,4015,1
MESH:D003398,3240,1
MESH:D003398,10736,1
MESH:D003398,26038,1
MESH:D003398,3991,1
MESH:D003398,478,1
MESH:D003398,4103,1
MESH:D003398,10251,1
MESH:D003398,27328,1
MESH:D003398,90316,1
MESH:D003398,158866,1
MESH:D003398,546,1
MESH:D003398,7113,1
MESH:D003398,5473,1
MESH:D003398,8139,1
MESH:D003398,3674,1
MESH:D003398,118429,1
MESH:D003398,50512,1
MESH:D003398,2004,1
MESH:D003398,10127,1
MESH:D003398,4583,1
MESH:D003398,1161,1
MESH:D003398,10592,1
MESH:D003398,6942,1
MESH:D003398,7827,1
MESH:D003398,729238,1
MESH:D003398,657,1
MESH:D003398,23462,1
MESH:D003398,79776,1
MESH:D003398,5104,1
MESH:D003398,11319,1
MESH:D003398,159371,1
MESH:D003398,7855,1
MESH:D003398,5730,1
MESH:D003398,4513,1
MESH:D003398,146,1
MESH:D003398,3164,1
MESH:D003398,116255,1
MESH:D003398,6351,1
MESH:D003398,9173,1
MESH:D003398,100506658,1
MESH:D003398,23065,1
MESH:D003398,9076,1
MESH:D003398,1364,1
MESH:D003398,7015,1
MESH:D003398,128553,1
MESH:D003398,27035,1
MESH:D003398,5972,1
MESH:D003398,1471,1
MESH:D003398,6521,1
MESH:D003398,3554,1
MESH:D003398,4283,1
MESH:D003398,6373,1
MESH:D003398,1592,1
MESH:D003398,79158,1
MESH:D003398,5733,1
MESH:D003398,9982,1
MESH:D003398,3675,1
MESH:D003398,114769,1
MESH:D003398,6097,1
MESH:D003398,2152,1
MESH:D003398,91179,1
MESH:D003398,60496,1
MESH:D003398,5931,1
MESH:D003398,5928,1
MESH:D003398,9112,1
MESH:D003398,7099,1
MESH:D003398,7097,1
MESH:D003398,10333,1
MESH:D003398,51561,1
MESH:D003398,51284,1
MESH:D003398,84557,1
MESH:D003398,2597,1
MESH:D003398,6175,1
MESH:D003398,6176,1
MESH:D003398,113189,1
MESH:D003398,29940,1
MESH:D003398,2920,1
MESH:D003398,2919,1
MESH:D003398,50616,1
MESH:D003398,5137,1
MESH:D003398,1718,1
MESH:D003398,10687,1
MESH:D003398,2821,1
MESH:D003398,1769,1
MESH:D003398,479,1
MESH:D003398,80204,1
MESH:D003398,2034,1
MESH:D003398,805,1
MESH:D003398,9419,1
MESH:D003398,5581,1
MESH:D003398,2956,1
MESH:D003398,9378,1
MESH:D003398,57217,1
MESH:D003398,3973,1
MESH:D003398,90411,1
MESH:D003398,2239,1
MESH:D003398,1495,1
MESH:D003398,923,1
MESH:D003398,11167,1
MESH:D003398,1806,1
MESH:D003398,2294,1
MESH:D003398,2297,1
MESH:D003398,7471,1
MESH:D003398,2295,1
MESH:D003398,2984,1
MESH:D003398,3758,1
MESH:D003398,4798,1
MESH:D003398,2313,1
MESH:D003398,170689,1
MESH:D003398,83700,1
MESH:D003398,2113,1
MESH:D003398,4709,1
MESH:D003398,6125,1
MESH:D003398,5175,1
MESH:D003398,2867,1
MESH:D003398,6317,1
MESH:D003398,2209,1
MESH:D003398,11285,1
MESH:D003398,64131,1
MESH:D003398,126792,1
MESH:D003398,1374,1
MESH:D003398,7468,1
MESH:D003398,913,1
MESH:D003398,5714,1
MESH:D003398,27022,1
MESH:D003398,79944,1
MESH:D003398,23586,1
MESH:D003398,80309,1
MESH:D003398,29851,1
MESH:D003398,4703,1
MESH:D003398,11141,1
MESH:D003398,9377,1
MESH:D003398,11014,1
MESH:D003398,27102,1
MESH:D003398,54476,1
MESH:D003398,5395,1
MESH:D003398,654231,1
MESH:D003398,221955,1
MESH:D003398,80028,1
MESH:D003398,9265,1
MESH:D003398,5879,1
MESH:D003398,392862,1
MESH:D003398,7965,1
MESH:D003398,7559,1
MESH:D003398,185,1
MESH:D003398,5764,1
MESH:D003398,114899,1
MESH:D003398,306,1
MESH:D003398,26999,1
MESH:D003398,199699,1
MESH:D003398,811,1
MESH:D003398,773,1
MESH:D003398,54862,1
MESH:D003398,84292,1
MESH:D003398,717,1
MESH:D003398,5657,1
MESH:D003398,64863,1
MESH:D003398,131368,1
MESH:D003398,1215,1
MESH:D003398,1359,1
MESH:D003398,8774,1
MESH:D003398,57167,1
MESH:D003398,6910,1
MESH:D003398,2641,1
MESH:D003398,4313,1
MESH:D003398,3861,1
MESH:D003398,140947,1
MESH:D003398,92610,1
MESH:D003398,4762,1
MESH:D003398,497189,1
MESH:D003398,6583,1
MESH:D003398,6899,1
MESH:D003398,1312,1
MESH:D003398,3654,1
MESH:D003398,3485,1
MESH:D003398,43,1
MESH:D003398,1668,1
MESH:D003398,4878,1
MESH:D003398,671,1
MESH:D003398,11162,1
MESH:D003398,55969,1
MESH:D003398,3598,1
MESH:D003398,3902,1
MESH:D003398,840,1
MESH:D003398,100133941,1
MESH:D003398,84868,1
MESH:D003398,2526,1
MESH:D003398,914,1
MESH:D003398,911,1
MESH:D003398,8550,1
MESH:D003398,25,1
MESH:D003398,3949,1
MESH:D003398,3383,1
MESH:D003398,246100,1
MESH:D003398,686,1
MESH:D003398,2322,1
MESH:D003398,3418,1
MESH:D003398,3562,1
MESH:D003398,3684,1
MESH:D003398,4854,1
MESH:D003398,2033,1
MESH:D003398,23529,1
MESH:D003398,9021,1
MESH:D003398,6863,1
MESH:D003398,27178,1
MESH:D003398,3171,1
MESH:D003398,3073,1
MESH:D003398,5243,1
MESH:D003398,27445,1
MESH:D003398,84107,1
MESH:D003398,94025,1
MESH:D003398,57587,1
MESH:D003398,11251,1
MESH:D003398,3820,1
MESH:D003398,5925,1
MESH:D003398,3454,1
MESH:D003398,3455,1
MESH:D003398,4312,1
MESH:D003398,4316,1
MESH:D003398,1387,1
MESH:D003398,9965,1
MESH:D003398,7436,1
MESH:D003398,958,1
MESH:D003398,942,1
MESH:D003398,939,1
MESH:D003398,2098,1
MESH:D003398,695,1
MESH:D003398,3162,1
MESH:D003398,57817,1
MESH:D003398,762,1
MESH:D003398,760,1
MESH:D003398,761,1
MESH:D003398,51018,1
MESH:D003398,6948,1
MESH:D003398,2346,1
MESH:D003398,83706,1
MESH:D003398,967,1
MESH:D003398,3559,1
MESH:D003398,952,1
MESH:D003398,2137,1
MESH:D003398,93986,1
MESH:D003398,23677,1
MESH:D003398,26952,1
MESH:D003398,2822,1
MESH:D003398,5580,1
MESH:D003398,5806,1
MESH:D003398,1385,1
MESH:D003398,3727,1
MESH:D003398,9261,1
MESH:D003398,7128,1
MESH:D003398,1843,1
MESH:D003398,7538,1
MESH:D003398,5743,1
MESH:D003398,5606,1
MESH:D003398,3929,1
MESH:D003398,57688,1
MESH:D003398,966,1
MESH:D003398,23096,1
MESH:D003398,2776,1
MESH:D003398,5500,1
MESH:D003398,3146,1
MESH:D003398,54106,1
MESH:D003398,10673,1
MESH:D003398,1950,1
MESH:D003398,293,1
MESH:D003398,56001,1
MESH:D003398,266743,1
MESH:D003398,57532,1
MESH:D003398,4986,1
MESH:D003398,7443,1
MESH:D003398,5358,1
MESH:D003398,5673,1
MESH:D003398,221830,1
MESH:D003398,7456,1
MESH:D003398,220296,1
MESH:D003398,7037,1
MESH:D003398,55788,1
MESH:D003398,11168,1
MESH:D003398,5604,1
MESH:D003398,9901,1
MESH:D003398,7991,1
MESH:D003398,29943,1
MESH:D003398,4162,1
MESH:D003398,1760,1
MESH:D003398,4824,1
MESH:D003398,5165,1
MESH:D003398,9468,1
MESH:D003398,7543,1
MESH:D003398,3888,1
MESH:D003398,367,1
MESH:D003398,865,1
MESH:D003398,30835,1
MESH:D003398,64778,1
MESH:D003398,11278,1
MESH:D003398,30844,1
MESH:D003398,30845,1
MESH:D003398,246744,1
MESH:D003398,8924,1
MESH:D003398,8120,1
MESH:D003398,868,1
MESH:D003398,214,1
MESH:D003398,1555,1
MESH:D003398,842,1
MESH:D003398,10060,1
MESH:D003398,8538,1
MESH:D003398,56975,1
MESH:D003398,2162,1
MESH:D003398,9842,1
MESH:D003398,140738,1
MESH:D003398,4023,1
MESH:D003398,7020,1
MESH:D003398,64100,1
MESH:D003398,1026,1
MESH:D003398,6929,1
MESH:D003398,1528,1
MESH:D003398,83985,1
MESH:D003398,6891,1
MESH:D003398,1793,1
MESH:D003398,2002,1
MESH:D003398,7306,1
MESH:D003398,554,1
MESH:D003398,100,1
MESH:D003398,9213,1
MESH:D003398,4052,1
MESH:D003398,10101,1
MESH:D003398,1801,1
MESH:D003398,5817,1
MESH:D003398,5818,1
MESH:D003398,7200,1
MESH:D003398,6932,1
MESH:D003398,341640,1
MESH:D003398,23426,1
MESH:D003398,80144,1
MESH:D003398,1594,1
MESH:D003398,3955,1
MESH:D003398,80727,1
MESH:D003398,2768,1
MESH:D003398,55501,1
MESH:D003398,155185,1
MESH:D003398,221927,1
MESH:D003398,4490,1
MESH:D003398,5304,1
MESH:D003398,3425,1
MESH:D003398,165,1
MESH:D003398,2331,1
MESH:D003398,4958,1
MESH:D003398,1291,1
MESH:D003398,9968,1
MESH:D003398,2023,1
MESH:D003398,6098,1
MESH:D003398,6383,1
MESH:D003398,10312,1
MESH:D003398,55209,1
MESH:D003398,7167,1
MESH:D003398,5550,1
MESH:D003398,2395,1
MESH:D003398,90993,1
MESH:D003398,387,1
MESH:D003398,4214,1
MESH:D003398,2026,1
MESH:D003398,221981,1
MESH:D003398,5585,1
MESH:D003398,10212,1
MESH:D003398,22859,1
MESH:D003398,10755,1
MESH:D003398,4646,1
MESH:D003398,2354,1
MESH:D003398,4088,1
MESH:D003398,353174,1
MESH:D003398,23023,1
MESH:D003398,1009,1
MESH:D003398,8516,1
MESH:D003398,119587,1
MESH:D003398,3371,1
MESH:D003398,2487,1
MESH:D003398,1301,1
MESH:D003398,6632,1
MESH:D003398,6662,1
MESH:D003398,7092,1
MESH:D003398,595,1
MESH:D003398,23705,1
MESH:D003398,81608,1
MESH:D003398,3960,1
MESH:D003398,3198,1
MESH:D003398,1948,1
MESH:D003398,1604,1
MESH:D003398,2617,1
MESH:D003398,1687,1
MESH:D003398,374654,1
MESH:D003398,147923,1
MESH:D003398,581,1
MESH:D003398,841,1
MESH:D003398,596,1
MESH:D003398,23161,1
MESH:D003398,51409,1
MESH:D003398,221823,1
MESH:D003398,1795,1
MESH:D003398,51161,1
MESH:D003398,7867,1
MESH:D003398,1154,1
MESH:D003398,9254,1
MESH:D003398,4624,1
MESH:D003398,80254,1
MESH:D003398,1021,1
MESH:D003398,1911,1
MESH:D003398,284403,1
MESH:D003398,5932,1
MESH:D003398,84126,1
MESH:D003398,55755,1
MESH:D003398,51199,1
MESH:D003398,55835,1
MESH:D003398,57082,1
MESH:D003398,22995,1
MESH:D003398,5803,1
MESH:D003398,5918,1
MESH:D003398,1667,1
MESH:D003398,51176,1
MESH:D003398,23314,1
MESH:D003398,27122,1
MESH:D003398,7029,1
MESH:D003398,4297,1
MESH:D003398,6441,1
MESH:D003398,3481,1
MESH:D003398,1282,1
MESH:D003398,1634,1
MESH:D003398,3251,1
MESH:D003398,56655,1
MESH:D003398,3815,1
MESH:D003398,10293,1
MESH:D003398,79585,1
MESH:D003398,9723,1
MESH:D003398,8647,1
MESH:D003398,26175,1
MESH:D003398,158,1
MESH:D003398,84909,1
MESH:D003398,9839,1
MESH:D003398,6770,1
MESH:D003398,27255,1
MESH:D003398,6678,1
MESH:D003398,79650,1
MESH:D003398,3934,1
MESH:D003398,56995,1
MESH:D003398,6496,1
MESH:D003398,7050,1
MESH:D003398,6700,1
MESH:D003398,51727,1
MESH:D003398,5000,1
MESH:D003398,81620,1
MESH:D003398,23594,1
MESH:D003398,990,1
MESH:D003398,2160,1
MESH:D003398,5345,1
MESH:D003398,2132,1
MESH:D003398,5080,1
MESH:D003398,5048,1
MESH:D003398,1761,1
MESH:D003398,50838,1
MESH:D003398,259295,1
MESH:D003398,5307,1
MESH:D003398,3423,1
MESH:D003398,4087,1
MESH:D003398,7049,1
MESH:D003398,4322,1
MESH:D003398,2885,1
MESH:D003398,5296,1
MESH:D003398,112476,1
MESH:D003398,864,1
MESH:D003398,861,1
MESH:D003398,491,1
MESH:D003398,53405,1
MESH:D003398,8464,1
MESH:D003398,51534,1
MESH:D003398,5076,1
MESH:D003398,57733,1
MESH:D003398,672,1
MESH:D003398,4591,1
MESH:D003398,5294,1
MESH:D003398,3730,1
MESH:D003398,2120,1
MESH:D003398,1628,1
MESH:D003398,64220,1
MESH:D003398,5947,1
MESH:D003398,551,1
MESH:D003398,8864,1
MESH:D003398,5775,1
MESH:D003398,308,1
MESH:D003398,1748,1
MESH:D003398,8022,1
MESH:D003398,7849,1
MESH:D003398,5626,1
MESH:D003398,8458,1
MESH:D003398,5449,1
MESH:D003398,7270,1
MESH:D003398,7378,1
MESH:D003398,1638,1
MESH:D003398,10085,1
MESH:C537734,4613,23
MESH:C537734,9073,1
MESH:C537734,6949,4
MESH:C537734,3627,1
MESH:C537734,23049,3
MESH:C537734,9343,3
MESH:C537734,55777,2
MESH:C537734,4609,2
MESH:C537734,79983,2
MESH:C537734,10084,2
MESH:C537734,1280,1
MESH:C537734,2262,4
MESH:C537734,2316,2
MESH:C537734,23545,2
MESH:C537734,6657,2
MESH:C537734,182,2
MESH:C537734,1653,2
MESH:C537734,51594,2
MESH:C537734,2688,3
MESH:C537734,7204,1
MESH:C537734,7040,1
MESH:C537734,6281,1
MESH:C537734,8838,1
MESH:C537734,89910,1
MESH:C537734,2703,1
MESH:C537734,7546,1
MESH:C537734,2737,1
MESH:C537734,55636,1
MESH:C537734,6299,1
MESH:C537734,894,1
MESH:C537734,79834,1
MESH:C537734,151354,1
MESH:C537734,3192,2
MESH:C537734,668,2
MESH:C537734,4621,2
MESH:C537734,5077,2
MESH:C537734,3303,1
MESH:C537734,3162,1
MESH:C537734,4088,1
MESH:C537734,6622,1
MESH:C537734,4087,1
MESH:C537734,4089,1
MESH:C537734,4780,1
MESH:C537734,58508,1
MESH:C537734,4851,1
MESH:C537734,168391,1
MESH:C537734,63917,1
MESH:C537734,3110,1
MESH:C537734,7516,1
MESH:C537734,57180,1
MESH:C537734,6469,1
MESH:C537734,3845,1
MESH:C537734,4763,1
MESH:C537734,4923,1
MESH:C537734,8260,1
MESH:C537734,11128,1
MESH:C537734,55703,1
MESH:C537734,2033,1
MESH:C537734,1387,1
MESH:C537734,11011,1
MESH:C537734,8621,1
MESH:C537734,8812,1
MESH:C537734,5831,1
MESH:C537734,10075,1
MESH:C537734,653820,1
MESH:C537734,22827,1
MESH:C537734,26229,1
MESH:C537734,6770,1
MESH:C537734,7450,1
MESH:C537734,23556,1
MESH:C537734,55605,1
MESH:C537734,26235,1
MESH:C537734,6317,1
MESH:C537734,241,1
MESH:C537734,7136,1
MESH:C537734,7140,1
MESH:C537734,1604,1
MESH:C537734,347734,1
MESH:C537734,10592,1
MESH:C537734,3479,1
MESH:C537734,2043,1
MESH:C537734,9987,1
MESH:C537734,153020,1
MESH:C537734,3184,1
MESH:C537734,5593,1
MESH:C537734,58478,1
MESH:C537734,29113,1
MESH:C537734,5741,1
MESH:C537734,920,1
MESH:C537734,925,1
MESH:C537734,27255,1
MESH:C537734,10752,1
MESH:C537734,9475,1
MESH:C537734,57619,1
MESH:C537734,8085,1
MESH:C537734,3630,1
MESH:C537734,54901,1
MESH:C537734,93587,1
MESH:C537734,9757,1
MESH:C537734,9369,1
MESH:C537734,7169,1
MESH:C537734,57167,1
MESH:C537734,6910,1
MESH:C537734,4488,1
MESH:C537734,2264,1
MESH:C537734,1030,1
MESH:C537734,7337,1
MESH:C537734,10902,1
MESH:C537734,649,1
MESH:C537734,64220,1
MESH:C537734,594855,1
MESH:C537734,1445,1
MESH:C537734,1583,1
MESH:C537734,8482,1
MESH:C537734,10620,1
MESH:C537734,25942,1
MESH:C537734,867,1
MESH:C537734,1421,1
MESH:C537734,6591,1
MESH:C537734,4286,1
MESH:C537734,1908,1
MESH:C537734,6663,1
MESH:C537734,1910,1
MESH:C537734,4000,1
MESH:C537734,537,1
MESH:C537734,4920,1
MESH:C537734,6850,1
MESH:C537734,5727,1
MESH:C537734,27130,1
MESH:C537734,8241,1
MESH:C537734,445347,1
MESH:C537734,834,1
MESH:C537734,1508,1
MESH:C537734,3553,1
MESH:C537734,2261,1
MESH:C537734,2678,1
MESH:C537734,55997,1
MESH:C537734,1287,1
MESH:C537734,2775,1
MESH:C537734,5172,1
MESH:C537734,10082,1
MESH:C537734,25836,1
MESH:C537734,261726,1
MESH:C537734,7456,1
MESH:C537734,5611,1
MESH:C537734,8428,1
MESH:C537734,23348,1
MESH:C537734,5911,1
MESH:C537734,3843,1
MESH:C537734,10150,1
MESH:C537734,3759,1
MESH:C537734,220972,1
MESH:C537734,595,1
MESH:C537734,6647,1
MESH:C537734,23522,1
MESH:C537734,80169,1
MESH:D012415,1387,191
MESH:D012415,2033,79
MESH:D012415,4204,16
MESH:D012415,9734,7
MESH:D012415,6469,3
MESH:D012415,1385,7
MESH:D012415,10847,4
MESH:D012415,10131,5
MESH:D012415,4763,5
MESH:D012415,5973,2
MESH:D012415,4297,5
MESH:D012415,7403,3
MESH:D012415,1773,3
MESH:D012415,25836,3
MESH:D012415,7291,1
MESH:D012415,8289,2
MESH:D012415,7157,5
MESH:D012415,115,3
MESH:D012415,8243,3
MESH:D012415,57492,3
MESH:D012415,1523,1
MESH:D012415,8085,2
MESH:D012415,55869,2
MESH:D012415,5885,2
MESH:D012415,9126,2
MESH:D012415,3298,1
MESH:D012415,23741,1
MESH:D012415,5328,1
MESH:D012415,6999,1
MESH:D012415,84464,1
MESH:D012415,6598,1
MESH:D012415,6605,1
MESH:D012415,4221,1
MESH:D012415,51633,1
MESH:D012415,2200,1
MESH:D012415,9839,1
MESH:D012415,6595,1
MESH:D012415,29123,1
MESH:D012415,2146,1
MESH:D012415,55997,1
MESH:D012415,8573,1
MESH:D012415,6792,1
MESH:D012415,2290,1
MESH:D012415,10479,1
MESH:D012415,6925,1
MESH:D012415,10300,1
MESH:D012415,51430,1
MESH:D012415,11337,1
MESH:D012415,5141,1
MESH:D012415,546,1
MESH:D012415,7204,2
MESH:D012415,3091,2
MESH:D012415,860,2
MESH:D012415,4609,2
MESH:D012415,5727,2
MESH:D012415,4899,1
MESH:D012415,26053,1
MESH:D012415,1000,1
MESH:D012415,1006,1
MESH:D012415,1002,1
MESH:D012415,999,1
MESH:D012415,57526,1
MESH:D012415,79719,1
MESH:D012415,4133,1
MESH:D012415,5340,1
MESH:D012415,406,1
MESH:D012415,2091,1
MESH:D012415,4234,1
MESH:D012415,51602,1
MESH:D012415,3187,1
MESH:D012415,8607,1
MESH:D012415,57794,1
MESH:D012415,55110,1
MESH:D012415,55349,1
MESH:D012415,6688,1
MESH:D012415,2670,1
MESH:D012415,171023,1
MESH:D012415,22803,1
MESH:D012415,64132,1
MESH:D012415,5332,1
MESH:D012415,23049,1
MESH:D012415,4771,1
MESH:D012415,3371,1
MESH:D012415,3483,1
MESH:D012415,3630,1
MESH:D012415,7038,1
MESH:D012415,4683,1
MESH:D012415,3014,1
MESH:D012415,472,1
MESH:D012415,10524,1
MESH:D012415,5423,1
MESH:D012415,5111,1
MESH:D012415,4968,1
MESH:D012415,100131187,1
MESH:D012415,55582,1
MESH:D012415,4036,1
MESH:D012415,374654,1
MESH:D012415,7549,1
MESH:D012415,7551,1
MESH:D012415,930,1
MESH:D012415,1956,1
MESH:D012415,2353,1
MESH:D012415,5970,1
MESH:D012415,3725,1
MESH:D012415,596,1
MESH:D012415,4790,1
MESH:D012415,367,1
MESH:D012415,79683,1
MESH:D012415,6345,1
MESH:D012415,655,1
MESH:D012415,7124,1
MESH:D012415,4088,1
MESH:D012415,7039,1
MESH:D012415,3458,1
MESH:D012415,3479,1
MESH:D012415,1499,1
MESH:D012415,6872,1
MESH:D012415,92292,1
MESH:D012415,23476,1
MESH:D012415,51780,1
MESH:D012415,23405,1
MESH:D012415,7297,1
MESH:D012415,347527,1
MESH:D012415,7994,1
MESH:D012415,5080,1
MESH:D012415,55636,1
MESH:D012415,51684,1
MESH:D012415,150468,1
MESH:D012415,441476,1
MESH:D012415,174,1
MESH:D012415,6597,1
MESH:D012415,5310,1
MESH:D012415,5311,1
MESH:D012415,27232,1
MESH:D012415,1789,1
MESH:D012415,4210,1
MESH:D012415,1080,1
MESH:D012415,5163,1
MESH:D012415,6608,1
MESH:D012415,2735,1
MESH:D012415,627,1
MESH:D012415,3040,1
MESH:D012415,6755,1
MESH:D012415,3159,1
MESH:D012415,53335,1
MESH:D012415,2903,1
MESH:C566815,7021,7
MESH:C566815,11331,2
MESH:C566815,650,1
MESH:C566815,652,1
MESH:C566815,23054,1
MESH:C566815,7020,2
MESH:C566815,2028,2
MESH:C566815,9970,1
MESH:C566815,10100,1
MESH:C566815,10370,1
MESH:C566815,2033,1
MESH:C566815,7852,1
MESH:C566815,920,1
MESH:C566815,3700,1
MESH:C566815,1482,1
MESH:C566815,6910,1
MESH:C566815,2121,1
MESH:C562538,2697,17
MESH:C562538,2702,5
MESH:C562538,6628,5
MESH:C562538,948,1
MESH:C562538,57369,6
MESH:C562538,207,2
MESH:C562538,7008,2
MESH:C562538,220296,1
MESH:C562538,10907,1
MESH:C562538,1828,1
MESH:C562538,11235,1
MESH:C562538,286827,1
MESH:C562538,10927,1
MESH:C562538,83881,1
MESH:C562538,137872,1
MESH:C562538,183,1
MESH:C562538,1832,1
MESH:C562538,5956,1
MESH:C562538,10262,1
MESH:C562538,7442,1
MESH:C562538,9382,1
MESH:C562538,64399,1
MESH:C562538,5423,1
MESH:C562538,9343,2
MESH:C562538,112476,2
MESH:C562538,55600,2
MESH:C562538,627,2
MESH:C562538,4803,2
MESH:C562538,4908,2
MESH:C562538,57165,2
MESH:C562538,2706,2
MESH:C562538,10804,2
MESH:C562538,10052,2
MESH:C562538,2705,2
MESH:C562538,3630,2
MESH:C562538,2244,1
MESH:C562538,173,1
MESH:C562538,2993,1
MESH:C562538,7124,1
MESH:C562538,3569,1
MESH:C562538,3552,1
MESH:C562538,1401,1
MESH:C562538,3586,1
MESH:C562538,6717,1
MESH:C562538,4088,1
MESH:C562538,241,1
MESH:C562538,53358,1
MESH:C562538,8878,1
MESH:C562538,387,1
MESH:C562538,51136,1
MESH:C562538,6093,1
MESH:C562538,3932,1
MESH:C562538,6696,1
MESH:C562538,7422,1
MESH:C562538,284,1
MESH:C562538,22937,1
MESH:C562538,2668,1
MESH:C562538,2335,1
MESH:C562538,2523,1
MESH:C562538,375519,1
MESH:C562538,1000,1
MESH:C562538,5318,1
MESH:C562538,1513,1
MESH:C562538,6323,1
MESH:C562538,6326,1
MESH:C562538,6334,1
MESH:C562538,348,1
MESH:C562538,11069,1
MESH:C562538,80835,1
MESH:C562538,3805,1
MESH:C562538,5465,1
MESH:C562538,23569,1
MESH:C562538,2308,1
MESH:C562538,10891,1
MESH:C562538,2597,1
MESH:C562538,142,1
MESH:C562538,5829,1
MESH:C562538,7037,1
MESH:C562538,382,1
MESH:C562538,8766,1
MESH:C562538,7511,1
MESH:C562538,4683,1
MESH:C562538,2701,1
MESH:C562538,3082,1
MESH:C562538,6331,1
MESH:C562538,5816,1
MESH:C562538,5879,1
MESH:D001321,5020,314
MESH:D001321,4524,37
MESH:D001321,4204,234
MESH:D001321,6532,156
MESH:D001321,5021,101
MESH:D001321,2332,334
MESH:D001321,85358,176
MESH:D001321,627,129
MESH:D001321,54413,83
MESH:D001321,26047,93
MESH:D001321,5649,80
MESH:D001321,57502,57
MESH:D001321,5973,210
MESH:D001321,2020,27
MESH:D001321,7248,144
MESH:D001321,414,198
MESH:D001321,2562,59
MESH:D001321,7249,144
MESH:D001321,5728,102
MESH:D001321,2475,193
MESH:D001321,3569,102
MESH:D001321,7124,96
MESH:D001321,7421,18
MESH:D001321,551,98
MESH:D001321,8604,21
MESH:D001321,57680,65
MESH:D001321,9378,89
MESH:D001321,6343,81
MESH:D001321,3198,20
MESH:D001321,91752,13
MESH:D001321,2004,85
MESH:D001321,22941,82
MESH:D001321,3458,53
MESH:D001321,3356,50
MESH:D001321,5444,10
MESH:D001321,7337,66
MESH:D001321,775,45
MESH:D001321,3565,42
MESH:D001321,5443,50
MESH:D001321,2567,17
MESH:D001321,64222,90
MESH:D001321,2626,10
MESH:D001321,3479,51
MESH:D001321,7472,15
MESH:D001321,4137,81
MESH:D001321,4763,61
MESH:D001321,4128,33
MESH:D001321,6326,64
MESH:D001321,27185,23
MESH:D001321,6531,36
MESH:D001321,23394,42
MESH:D001321,2739,10
MESH:D001321,351,47
MESH:D001321,1950,18
MESH:D001321,3123,18
MESH:D001321,93986,46
MESH:D001321,2904,30
MESH:D001321,6616,13
MESH:D001321,2898,14
MESH:D001321,4155,42
MESH:D001321,27086,31
MESH:D001321,55840,29
MESH:D001321,3082,14
MESH:D001321,552,30
MESH:D001321,2557,9
MESH:D001321,207,61
MESH:D001321,2770,44
MESH:D001321,3667,2
MESH:D001321,2146,3
MESH:D001321,833,44
MESH:D001321,26053,43
MESH:D001321,438,9
MESH:D001321,54898,1
MESH:D001321,4922,14
MESH:D001321,23191,35
MESH:D001321,5594,44
MESH:D001321,1401,29
MESH:D001321,23126,19
MESH:D001321,2950,13
MESH:D001321,57379,69
MESH:D001321,140733,14
MESH:D001321,3605,32
MESH:D001321,3576,33
MESH:D001321,3630,71
MESH:D001321,2055,2
MESH:D001321,6647,40
MESH:D001321,3586,38
MESH:D001321,2558,17
MESH:D001321,6999,21
MESH:D001321,3952,28
MESH:D001321,84466,1
MESH:D001321,1103,41
MESH:D001321,3552,50
MESH:D001321,920,47
MESH:D001321,4548,10
MESH:D001321,4684,13
MESH:D001321,79813,19
MESH:D001321,285195,15
MESH:D001321,5816,40
MESH:D001321,4010,3
MESH:D001321,3135,6
MESH:D001321,6334,10
MESH:D001321,3553,31
MESH:D001321,952,9
MESH:D001321,1621,12
MESH:D001321,6323,35
MESH:D001321,721,14
MESH:D001321,8828,10
MESH:D001321,23241,4
MESH:D001321,6688,13
MESH:D001321,57526,21
MESH:D001321,79587,17
MESH:D001321,7040,18
MESH:D001321,2688,23
MESH:D001321,2033,29
MESH:D001321,1312,30
MESH:D001321,2571,15
MESH:D001321,112476,23
MESH:D001321,6792,39
MESH:D001321,6863,13
MESH:D001321,7057,8
MESH:D001321,22829,9
MESH:D001321,7471,2
MESH:D001321,5617,38
MESH:D001321,220972,11
MESH:D001321,8573,12
MESH:D001321,348,20
MESH:D001321,2670,31
MESH:D001321,1814,16
MESH:D001321,2896,4
MESH:D001321,2069,24
MESH:D001321,54715,24
MESH:D001321,1636,7
MESH:D001321,152330,18
MESH:D001321,64221,3
MESH:D001321,5265,7
MESH:D001321,3690,15
MESH:D001321,6285,10
MESH:D001321,8831,33
MESH:D001321,4552,8
MESH:D001321,7018,18
MESH:D001321,222962,3
MESH:D001321,1742,28
MESH:D001321,121278,16
MESH:D001321,5775,26
MESH:D001321,1600,6
MESH:D001321,4129,12
MESH:D001321,145581,5
MESH:D001321,29108,36
MESH:D001321,2915,31
MESH:D001321,6925,17
MESH:D001321,1859,23
MESH:D001321,6095,16
MESH:D001321,773,9
MESH:D001321,847,29
MESH:D001321,213,35
MESH:D001321,1769,10
MESH:D001321,93664,10
MESH:D001321,6134,5
MESH:D001321,26585,23
MESH:D001321,9415,2
MESH:D001321,9037,10
MESH:D001321,22871,29
MESH:D001321,79811,20
MESH:D001321,1351,28
MESH:D001321,3077,3
MESH:D001321,6558,19
MESH:D001321,26960,19
MESH:D001321,128853,2
MESH:D001321,9732,7
MESH:D001321,23413,5
MESH:D001321,1917,8
MESH:D001321,158,23
MESH:D001321,100,9
MESH:D001321,2099,20
MESH:D001321,1750,5
MESH:D001321,4353,11
MESH:D001321,3751,6
MESH:D001321,6347,22
MESH:D001321,4099,5
MESH:D001321,57142,19
MESH:D001321,3439,7
MESH:D001321,3211,7
MESH:D001321,4879,6
MESH:D001321,2208,27
MESH:D001321,4698,3
MESH:D001321,10242,11
MESH:D001321,6853,11
MESH:D001321,4824,9
MESH:D001321,596,17
MESH:D001321,4709,20
MESH:D001321,491,5
MESH:D001321,4790,33
MESH:D001321,4152,6
MESH:D001321,547,9
MESH:D001321,10590,2
MESH:D001321,1956,7
MESH:D001321,65109,10
MESH:D001321,57468,13
MESH:D001321,925,26
MESH:D001321,2617,7
MESH:D001321,55628,3
MESH:D001321,139411,11
MESH:D001321,83992,4
MESH:D001321,1803,9
MESH:D001321,1482,7
MESH:D001321,7812,5
MESH:D001321,1813,34
MESH:D001321,8061,14
MESH:D001321,7422,14
MESH:D001321,4210,2
MESH:D001321,3064,13
MESH:D001321,4897,9
MESH:D001321,57057,2
MESH:D001321,11337,30
MESH:D001321,5071,8
MESH:D001321,10716,16
MESH:D001321,6854,2
MESH:D001321,10743,20
MESH:D001321,3146,8
MESH:D001321,2149,18
MESH:D001321,5111,8
MESH:D001321,7042,4
MESH:D001321,1749,7
MESH:D001321,5578,25
MESH:D001321,55777,23
MESH:D001321,9369,16
MESH:D001321,5879,11
MESH:D001321,151126,1
MESH:D001321,84282,1
MESH:D001321,373156,20
MESH:D001321,760,15
MESH:D001321,9379,13
MESH:D001321,4803,16
MESH:D001321,6469,16
MESH:D001321,1437,16
MESH:D001321,2741,3
MESH:D001321,2572,9
MESH:D001321,55626,2
MESH:D001321,1499,33
MESH:D001321,3350,23
MESH:D001321,7204,23
MESH:D001321,4312,3
MESH:D001321,64581,1
MESH:D001321,1760,5
MESH:D001321,2593,25
MESH:D001321,4915,13
MESH:D001321,367,21
MESH:D001321,1139,29
MESH:D001321,1356,22
MESH:D001321,288,17
MESH:D001321,2560,7
MESH:D001321,3126,7
MESH:D001321,973,10
MESH:D001321,27347,5
MESH:D001321,159371,13
MESH:D001321,3329,3
MESH:D001321,23096,16
MESH:D001321,5579,6
MESH:D001321,2903,21
MESH:D001321,4878,6
MESH:D001321,7291,11
MESH:D001321,5309,4
MESH:D001321,7099,17
MESH:D001321,3805,7
MESH:D001321,2169,5
MESH:D001321,683,5
MESH:D001321,1815,23
MESH:D001321,3558,28
MESH:D001321,51497,3
MESH:D001321,8829,3
MESH:D001321,57492,16
MESH:D001321,6374,1
MESH:D001321,1756,14
MESH:D001321,3567,9
MESH:D001321,921,4
MESH:D001321,6352,12
MESH:D001321,659,22
MESH:D001321,9370,13
MESH:D001321,50944,17
MESH:D001321,5080,17
MESH:D001321,9783,2
MESH:D001321,1012,10
MESH:D001321,5550,8
MESH:D001321,2006,8
MESH:D001321,6505,8
MESH:D001321,4139,8
MESH:D001321,2742,6
MESH:D001321,6535,31
MESH:D001321,2892,6
MESH:D001321,216,1
MESH:D001321,1977,14
MESH:D001321,1509,4
MESH:D001321,6622,17
MESH:D001321,6804,12
MESH:D001321,27255,10
MESH:D001321,8540,18
MESH:D001321,2026,13
MESH:D001321,3084,8
MESH:D001321,4233,8
MESH:D001321,763,3
MESH:D001321,170302,21
MESH:D001321,54206,1
MESH:D001321,6812,14
MESH:D001321,4069,7
MESH:D001321,546,12
MESH:D001321,8242,7
MESH:D001321,8913,2
MESH:D001321,1746,7
MESH:D001321,2638,5
MESH:D001321,2969,10
MESH:D001321,2925,5
MESH:D001321,4282,3
MESH:D001321,55217,8
MESH:D001321,83943,13
MESH:D001321,10891,6
MESH:D001321,5079,34
MESH:D001321,4318,9
MESH:D001321,170589,22
MESH:D001321,25970,5
MESH:D001321,11069,5
MESH:D001321,6741,3
MESH:D001321,9228,8
MESH:D001321,1431,16
MESH:D001321,1387,22
MESH:D001321,1007,8
MESH:D001321,1508,13
MESH:D001321,5293,8
MESH:D001321,79718,8
MESH:D001321,157570,11
MESH:D001321,154,6
MESH:D001321,611,1
MESH:D001321,6367,4
MESH:D001321,3606,4
MESH:D001321,6822,4
MESH:D001321,5054,7
MESH:D001321,27239,2
MESH:D001321,6717,10
MESH:D001321,6638,20
MESH:D001321,7514,3
MESH:D001321,776,11
MESH:D001321,157680,6
MESH:D001321,1906,4
MESH:D001321,1644,4
MESH:D001321,3596,12
MESH:D001321,7432,17
MESH:D001321,2944,12
MESH:D001321,24148,17
MESH:D001321,135,2
MESH:D001321,7531,10
MESH:D001321,6529,13
MESH:D001321,57555,13
MESH:D001321,7076,3
MESH:D001321,6755,3
MESH:D001321,23067,6
MESH:D001321,9456,6
MESH:D001321,8708,1
MESH:D001321,79648,7
MESH:D001321,801,12
MESH:D001321,1392,12
MESH:D001321,6247,7
MESH:D001321,478,5
MESH:D001321,1545,5
MESH:D001321,2908,5
MESH:D001321,4669,3
MESH:D001321,23705,8
MESH:D001321,2100,6
MESH:D001321,1137,11
MESH:D001321,6667,1
MESH:D001321,2876,4
MESH:D001321,64399,9
MESH:D001321,220296,4
MESH:D001321,3308,4
MESH:D001321,7225,2
MESH:D001321,1588,7
MESH:D001321,5319,7
MESH:D001321,1654,5
MESH:D001321,3240,10
MESH:D001321,5595,20
MESH:D001321,10058,21
MESH:D001321,10479,16
MESH:D001321,51816,1
MESH:D001321,10682,14
MESH:D001321,5307,2
MESH:D001321,246778,2
MESH:D001321,1993,15
MESH:D001321,3786,5
MESH:D001321,6361,5
MESH:D001321,51727,5
MESH:D001321,6948,5
MESH:D001321,10919,3
MESH:D001321,3428,3
MESH:D001321,4780,11
MESH:D001321,836,11
MESH:D001321,7122,1
MESH:D001321,27445,1
MESH:D001321,10243,9
MESH:D001321,840,4
MESH:D001321,5175,4
MESH:D001321,2131,4
MESH:D001321,3676,4
MESH:D001321,259266,7
MESH:D001321,2185,7
MESH:D001321,2917,2
MESH:D001321,5599,10
MESH:D001321,1400,5
MESH:D001321,54551,15
MESH:D001321,53942,10
MESH:D001321,268,8
MESH:D001321,57192,3
MESH:D001321,5657,3
MESH:D001321,783,3
MESH:D001321,9968,8
MESH:D001321,7092,6
MESH:D001321,7295,6
MESH:D001321,29119,6
MESH:D001321,140,1
MESH:D001321,8862,1
MESH:D001321,10963,4
MESH:D001321,27328,4
MESH:D001321,27178,4
MESH:D001321,11261,9
MESH:D001321,23040,7
MESH:D001321,3106,7
MESH:D001321,23237,7
MESH:D001321,11141,12
MESH:D001321,6470,2
MESH:D001321,23426,10
MESH:D001321,9320,5
MESH:D001321,6014,5
MESH:D001321,2641,8
MESH:D001321,9657,13
MESH:D001321,440,3
MESH:D001321,10251,3
MESH:D001321,1565,16
MESH:D001321,4838,6
MESH:D001321,3134,1
MESH:D001321,3133,1
MESH:D001321,3265,6
MESH:D001321,7436,6
MESH:D001321,5346,1
MESH:D001321,83473,4
MESH:D001321,4283,4
MESH:D001321,4762,4
MESH:D001321,3912,4
MESH:D001321,2911,12
MESH:D001321,9722,2
MESH:D001321,1106,12
MESH:D001321,55819,12
MESH:D001321,5743,7
MESH:D001321,5580,12
MESH:D001321,81502,7
MESH:D001321,9271,2
MESH:D001321,23389,5
MESH:D001321,55636,10
MESH:D001321,55870,8
MESH:D001321,79056,3
MESH:D001321,6573,3
MESH:D001321,4948,3
MESH:D001321,7994,3
MESH:D001321,10522,6
MESH:D001321,4208,16
MESH:D001321,2752,6
MESH:D001321,9572,1
MESH:D001321,23135,1
MESH:D001321,7157,19
MESH:D001321,3976,4
MESH:D001321,57617,12
MESH:D001321,3627,7
MESH:D001321,6296,12
MESH:D001321,5091,7
MESH:D001321,94121,2
MESH:D001321,7132,2
MESH:D001321,405,2
MESH:D001321,80184,5
MESH:D001321,321,5
MESH:D001321,6092,5
MESH:D001321,10611,5
MESH:D001321,7166,5
MESH:D001321,2891,13
MESH:D001321,130497,8
MESH:D001321,54205,8
MESH:D001321,7039,11
MESH:D001321,2290,16
MESH:D001321,2348,16
MESH:D001321,5625,6
MESH:D001321,2056,6
MESH:D001321,5062,6
MESH:D001321,9528,1
MESH:D001321,1009,7
MESH:D001321,221937,2
MESH:D001321,192683,7
MESH:D001321,7534,7
MESH:D001321,7416,2
MESH:D001321,54704,2
MESH:D001321,590,7
MESH:D001321,80781,2
MESH:D001321,27044,2
MESH:D001321,9159,2
MESH:D001321,6401,5
MESH:D001321,5048,13
MESH:D001321,221037,3
MESH:D001321,5321,3
MESH:D001321,1812,8
MESH:D001321,9939,3
MESH:D001321,3239,6
MESH:D001321,10482,11
MESH:D001321,3809,1
MESH:D001321,166336,1
MESH:D001321,145173,1
MESH:D001321,301,1
MESH:D001321,1185,1
MESH:D001321,54538,1
MESH:D001321,759,14
MESH:D001321,8458,9
MESH:D001321,5058,4
MESH:D001321,57194,9
MESH:D001321,8909,4
MESH:D001321,6606,12
MESH:D001321,8001,2
MESH:D001321,6091,7
MESH:D001321,6280,2
MESH:D001321,10728,2
MESH:D001321,3046,12
MESH:D001321,9248,2
MESH:D001321,57496,2
MESH:D001321,84239,2
MESH:D001321,6928,10
MESH:D001321,3557,5
MESH:D001321,10971,15
MESH:D001321,3785,13
MESH:D001321,144165,3
MESH:D001321,2566,8
MESH:D001321,2952,8
MESH:D001321,6910,3
MESH:D001321,1363,3
MESH:D001321,3119,3
MESH:D001321,23475,3
MESH:D001321,917,13
MESH:D001321,4504,3
MESH:D001321,4232,3
MESH:D001321,1605,1
MESH:D001321,8925,6
MESH:D001321,114899,1
MESH:D001321,727,6
MESH:D001321,4519,6
MESH:D001321,3766,6
MESH:D001321,2918,6
MESH:D001321,55785,1
MESH:D001321,6907,1
MESH:D001321,65078,1
MESH:D001321,84889,1
MESH:D001321,6490,1
MESH:D001321,54806,6
MESH:D001321,10327,1
MESH:D001321,2922,6
MESH:D001321,121642,1
MESH:D001321,919,6
MESH:D001321,79158,4
MESH:D001321,1557,9
MESH:D001321,29072,9
MESH:D001321,3559,4
MESH:D001321,5747,4
MESH:D001321,5914,4
MESH:D001321,6750,12
MESH:D001321,3730,7
MESH:D001321,2796,12
MESH:D001321,9229,7
MESH:D001321,84698,7
MESH:D001321,1233,2
MESH:D001321,5053,10
MESH:D001321,114548,5
MESH:D001321,5345,10
MESH:D001321,4843,5
MESH:D001321,1791,10
MESH:D001321,943,3
MESH:D001321,2744,3
MESH:D001321,3745,13
MESH:D001321,4538,3
MESH:D001321,10000,3
MESH:D001321,51284,3
MESH:D001321,27130,8
MESH:D001321,1666,3
MESH:D001321,1808,6
MESH:D001321,8743,11
MESH:D001321,2178,11
MESH:D001321,2296,6
MESH:D001321,123606,11
MESH:D001321,9607,6
MESH:D001321,1804,6
MESH:D001321,1589,1
MESH:D001321,875,1
MESH:D001321,27229,1
MESH:D001321,7434,6
MESH:D001321,23081,1
MESH:D001321,83592,1
MESH:D001321,161582,1
MESH:D001321,55869,4
MESH:D001321,4804,4
MESH:D001321,196,4
MESH:D001321,23498,9
MESH:D001321,4306,4
MESH:D001321,1806,9
MESH:D001321,2706,4
MESH:D001321,5355,4
MESH:D001321,7351,4
MESH:D001321,10771,4
MESH:D001321,5581,14
MESH:D001321,6570,4
MESH:D001321,7153,2
MESH:D001321,10295,7
MESH:D001321,23098,2
MESH:D001321,3688,2
MESH:D001321,22909,2
MESH:D001321,5979,12
MESH:D001321,5159,2
MESH:D001321,1809,2
MESH:D001321,6198,7
MESH:D001321,2996,2
MESH:D001321,5046,2
MESH:D001321,8651,2
MESH:D001321,116442,5
MESH:D001321,597,15
MESH:D001321,81614,10
MESH:D001321,632,3
MESH:D001321,57582,3
MESH:D001321,4043,8
MESH:D001321,9768,3
MESH:D001321,23411,8
MESH:D001321,50616,3
MESH:D001321,686,8
MESH:D001321,51561,3
MESH:D001321,1282,3
MESH:D001321,64101,3
MESH:D001321,89796,3
MESH:D001321,23026,3
MESH:D001321,54862,3
MESH:D001321,2205,13
MESH:D001321,171023,3
MESH:D001321,117159,6
MESH:D001321,9933,11
MESH:D001321,6348,6
MESH:D001321,11179,1
MESH:D001321,153562,1
MESH:D001321,57532,11
MESH:D001321,79017,6
MESH:D001321,2289,1
MESH:D001321,2729,1
MESH:D001321,33,1
MESH:D001321,221035,1
MESH:D001321,9615,4
MESH:D001321,1958,4
MESH:D001321,841,4
MESH:D001321,5901,9
MESH:D001321,51412,4
MESH:D001321,794,9
MESH:D001321,8905,4
MESH:D001321,6774,9
MESH:D001321,553,4
MESH:D001321,29113,4
MESH:D001321,205428,4
MESH:D001321,22999,7
MESH:D001321,2902,12
MESH:D001321,3107,7
MESH:D001321,3481,7
MESH:D001321,5563,2
MESH:D001321,27133,2
MESH:D001321,2628,12
MESH:D001321,3635,2
MESH:D001321,95681,2
MESH:D001321,2022,2
MESH:D001321,3043,12
MESH:D001321,573,2
MESH:D001321,26958,2
MESH:D001321,3939,5
MESH:D001321,793,10
MESH:D001321,1741,10
MESH:D001321,10752,5
MESH:D001321,23550,5
MESH:D001321,3105,5
MESH:D001321,31,5
MESH:D001321,3162,5
MESH:D001321,6164,5
MESH:D001321,43,10
MESH:D001321,1432,5
MESH:D001321,23545,13
MESH:D001321,1006,8
MESH:D001321,8140,8
MESH:D001321,2354,3
MESH:D001321,120892,3
MESH:D001321,637,8
MESH:D001321,4478,3
MESH:D001321,55997,8
MESH:D001321,57026,3
MESH:D001321,64599,1
MESH:D001321,50943,11
MESH:D001321,55620,1
MESH:D001321,814,6
MESH:D001321,114897,1
MESH:D001321,361,6
MESH:D001321,10681,1
MESH:D001321,1959,1
MESH:D001321,2495,1
MESH:D001321,160418,6
MESH:D001321,1473,1
MESH:D001321,5329,6
MESH:D001321,51311,1
MESH:D001321,3008,1
MESH:D001321,3486,6
MESH:D001321,9636,1
MESH:D001321,1821,1
MESH:D001321,2861,1
MESH:D001321,5884,1
MESH:D001321,8802,1
MESH:D001321,4082,1
MESH:D001321,1514,1
MESH:D001321,2339,1
MESH:D001321,9500,1
MESH:D001321,6510,1
MESH:D001321,11152,9
MESH:D001321,79827,9
MESH:D001321,4133,9
MESH:D001321,57634,9
MESH:D001321,114791,9
MESH:D001321,6356,9
MESH:D001321,340533,9
MESH:D001321,3066,4
MESH:D001321,412,9
MESH:D001321,4624,9
MESH:D001321,10765,4
MESH:D001321,51733,4
MESH:D001321,1846,4
MESH:D001321,2623,4
MESH:D001321,7173,7
MESH:D001321,177,7
MESH:D001321,23314,7
MESH:D001321,8562,2
MESH:D001321,197,2
MESH:D001321,126669,2
MESH:D001321,116372,7
MESH:D001321,26115,2
MESH:D001321,9730,2
MESH:D001321,1745,7
MESH:D001321,23245,7
MESH:D001321,8204,2
MESH:D001321,7262,7
MESH:D001321,285362,2
MESH:D001321,2730,2
MESH:D001321,23544,2
MESH:D001321,368,2
MESH:D001321,259232,2
MESH:D001321,8911,2
MESH:D001321,7052,7
MESH:D001321,1949,2
MESH:D001321,64853,2
MESH:D001321,10347,7
MESH:D001321,5524,10
MESH:D001321,1020,5
MESH:D001321,7025,5
MESH:D001321,387,10
MESH:D001321,29123,10
MESH:D001321,2565,5
MESH:D001321,276,5
MESH:D001321,2187,5
MESH:D001321,10715,10
MESH:D001321,1725,3
MESH:D001321,58508,8
MESH:D001321,53335,8
MESH:D001321,8912,8
MESH:D001321,9463,3
MESH:D001321,338,8
MESH:D001321,761,8
MESH:D001321,4051,3
MESH:D001321,9739,8
MESH:D001321,2932,3
MESH:D001321,4692,8
MESH:D001321,1861,3
MESH:D001321,9447,3
MESH:D001321,3047,8
MESH:D001321,2110,3
MESH:D001321,7874,6
MESH:D001321,7389,6
MESH:D001321,84623,6
MESH:D001321,1975,1
MESH:D001321,28985,1
MESH:D001321,4131,1
MESH:D001321,7707,1
MESH:D001321,135935,1
MESH:D001321,5283,1
MESH:D001321,7318,1
MESH:D001321,857,9
MESH:D001321,6648,9
MESH:D001321,324,4
MESH:D001321,2028,14
MESH:D001321,3383,9
MESH:D001321,18,9
MESH:D001321,23336,9
MESH:D001321,1594,4
MESH:D001321,7086,4
MESH:D001321,1385,12
MESH:D001321,7532,7
MESH:D001321,54363,2
MESH:D001321,10927,7
MESH:D001321,3815,7
MESH:D001321,1525,2
MESH:D001321,5297,2
MESH:D001321,2195,7
MESH:D001321,11000,2
MESH:D001321,23481,2
MESH:D001321,4916,2
MESH:D001321,3604,2
MESH:D001321,29947,2
MESH:D001321,4884,2
MESH:D001321,10016,2
MESH:D001321,3929,2
MESH:D001321,6262,5
MESH:D001321,1984,5
MESH:D001321,6595,5
MESH:D001321,11201,10
MESH:D001321,137872,5
MESH:D001321,2334,5
MESH:D001321,5308,5
MESH:D001321,25759,5
MESH:D001321,808,5
MESH:D001321,796,5
MESH:D001321,2534,8
MESH:D001321,56729,3
MESH:D001321,6597,8
MESH:D001321,3716,3
MESH:D001321,8815,3
MESH:D001321,6336,3
MESH:D001321,1740,3
MESH:D001321,8936,8
MESH:D001321,50848,3
MESH:D001321,998,8
MESH:D001321,3897,8
MESH:D001321,4846,3
MESH:D001321,26470,3
MESH:D001321,23049,3
MESH:D001321,79742,3
MESH:D001321,3069,3
MESH:D001321,5590,8
MESH:D001321,55209,6
MESH:D001321,5989,1
MESH:D001321,1641,6
MESH:D001321,55079,6
MESH:D001321,7097,6
MESH:D001321,9734,11
MESH:D001321,8239,6
MESH:D001321,6281,6
MESH:D001321,287,6
MESH:D001321,2550,6
MESH:D001321,23224,1
MESH:D001321,8269,1
MESH:D001321,649,6
MESH:D001321,11171,1
MESH:D001321,347,1
MESH:D001321,1365,1
MESH:D001321,10135,1
MESH:D001321,4586,1
MESH:D001321,727897,1
MESH:D001321,2936,6
MESH:D001321,6620,1
MESH:D001321,653808,1
MESH:D001321,563,1
MESH:D001321,60677,1
MESH:D001321,9555,1
MESH:D001321,6714,6
MESH:D001321,969,1
MESH:D001321,10153,1
MESH:D001321,4855,1
MESH:D001321,2859,1
MESH:D001321,2812,1
MESH:D001321,950,1
MESH:D001321,6782,1
MESH:D001321,5413,1
MESH:D001321,11076,1
MESH:D001321,2098,1
MESH:D001321,2353,9
MESH:D001321,9970,4
MESH:D001321,9611,9
MESH:D001321,8087,9
MESH:D001321,718,9
MESH:D001321,8940,4
MESH:D001321,51517,4
MESH:D001321,51592,4
MESH:D001321,554,4
MESH:D001321,2017,4
MESH:D001321,947,4
MESH:D001321,64067,4
MESH:D001321,5468,4
MESH:D001321,28,4
MESH:D001321,10238,4
MESH:D001321,5528,7
MESH:D001321,869,2
MESH:D001321,146713,7
MESH:D001321,22803,2
MESH:D001321,171389,2
MESH:D001321,7941,2
MESH:D001321,8660,2
MESH:D001321,2555,7
MESH:D001321,120227,2
MESH:D001321,5327,7
MESH:D001321,5582,7
MESH:D001321,65250,5
MESH:D001321,5454,5
MESH:D001321,1008,5
MESH:D001321,26137,5
MESH:D001321,728378,5
MESH:D001321,26999,5
MESH:D001321,5424,5
MESH:D001321,1586,3
MESH:D001321,5729,8
MESH:D001321,9024,3
MESH:D001321,2194,3
MESH:D001321,1583,3
MESH:D001321,5101,3
MESH:D001321,3192,8
MESH:D001321,3164,8
MESH:D001321,23112,3
MESH:D001321,65217,3
MESH:D001321,2737,3
MESH:D001321,4508,3
MESH:D001321,3358,8
MESH:D001321,253559,3
MESH:D001321,79784,8
MESH:D001321,4909,3
MESH:D001321,5930,3
MESH:D001321,23229,3
MESH:D001321,9575,6
MESH:D001321,199,6
MESH:D001321,7453,6
MESH:D001321,54329,1
MESH:D001321,6036,6
MESH:D001321,5133,4
MESH:D001321,9513,9
MESH:D001321,83696,4
MESH:D001321,2931,4
MESH:D001321,1268,9
MESH:D001321,59067,4
MESH:D001321,57689,4
MESH:D001321,6319,4
MESH:D001321,54820,9
MESH:D001321,126206,4
MESH:D001321,7200,4
MESH:D001321,2237,4
MESH:D001321,653509,4
MESH:D001321,6506,7
MESH:D001321,1066,2
MESH:D001321,1826,7
MESH:D001321,7054,7
MESH:D001321,729,7
MESH:D001321,6899,7
MESH:D001321,80816,7
MESH:D001321,60,7
MESH:D001321,545,7
MESH:D001321,168400,2
MESH:D001321,4905,2
MESH:D001321,4908,7
MESH:D001321,7020,2
MESH:D001321,6403,7
MESH:D001321,10894,2
MESH:D001321,9759,7
MESH:D001321,1739,7
MESH:D001321,84867,2
MESH:D001321,9869,2
MESH:D001321,2346,2
MESH:D001321,5340,7
MESH:D001321,116987,2
MESH:D001321,253260,2
MESH:D001321,4885,2
MESH:D001321,10603,2
MESH:D001321,915,7
MESH:D001321,23765,2
MESH:D001321,8609,5
MESH:D001321,64478,5
MESH:D001321,57575,5
MESH:D001321,57628,5
MESH:D001321,6507,5
MESH:D001321,1501,5
MESH:D001321,3984,5
MESH:D001321,2147,10
MESH:D001321,6473,5
MESH:D001321,3720,5
MESH:D001321,6872,5
MESH:D001321,8836,5
MESH:D001321,129684,3
MESH:D001321,23209,8
MESH:D001321,4747,3
MESH:D001321,55904,8
MESH:D001321,83259,3
MESH:D001321,23435,3
MESH:D001321,5290,8
MESH:D001321,2668,3
MESH:D001321,4036,3
MESH:D001321,9138,3
MESH:D001321,9743,3
MESH:D001321,3806,3
MESH:D001321,2563,3
MESH:D001321,2173,3
MESH:D001321,831,3
MESH:D001321,65267,3
MESH:D001321,6696,3
MESH:D001321,974,3
MESH:D001321,5972,6
MESH:D001321,730,6
MESH:D001321,2247,6
MESH:D001321,335,6
MESH:D001321,6462,6
MESH:D001321,6302,1
MESH:D001321,9568,6
MESH:D001321,23636,1
MESH:D001321,9569,6
MESH:D001321,6443,1
MESH:D001321,3351,6
MESH:D001321,3710,1
MESH:D001321,5394,1
MESH:D001321,79152,1
MESH:D001321,1816,6
MESH:D001321,735,1
MESH:D001321,3480,4
MESH:D001321,3778,4
MESH:D001321,51742,4
MESH:D001321,6942,4
MESH:D001321,4691,4
MESH:D001321,9622,4
MESH:D001321,196528,4
MESH:D001321,79176,4
MESH:D001321,10718,4
MESH:D001321,27344,4
MESH:D001321,6736,4
MESH:D001321,2697,4
MESH:D001321,4685,4
MESH:D001321,23543,4
MESH:D001321,9031,4
MESH:D001321,3035,4
MESH:D001321,1788,4
MESH:D001321,1786,4
MESH:D001321,8706,4
MESH:D001321,11331,4
MESH:D001321,25836,9
MESH:D001321,7461,4
MESH:D001321,8326,4
MESH:D001321,4543,4
MESH:D001321,7804,4
MESH:D001321,5422,4
MESH:D001321,6625,4
MESH:D001321,2890,7
MESH:D001321,9817,2
MESH:D001321,1759,7
MESH:D001321,2180,7
MESH:D001321,160622,2
MESH:D001321,7328,2
MESH:D001321,56925,7
MESH:D001321,822,2
MESH:D001321,3490,2
MESH:D001321,10999,2
MESH:D001321,57497,2
MESH:D001321,91544,2
MESH:D001321,3990,2
MESH:D001321,5803,2
MESH:D001321,270,2
MESH:D001321,6354,2
MESH:D001321,1493,2
MESH:D001321,23001,5
MESH:D001321,286,5
MESH:D001321,2960,5
MESH:D001321,720,5
MESH:D001321,25824,5
MESH:D001321,717,5
MESH:D001321,8128,5
MESH:D001321,6256,5
MESH:D001321,8452,5
MESH:D001321,22882,5
MESH:D001321,8243,5
MESH:D001321,6328,5
MESH:D001321,762,5
MESH:D001321,95,5
MESH:D001321,3092,3
MESH:D001321,3363,3
MESH:D001321,1003,3
MESH:D001321,7852,3
MESH:D001321,3065,3
MESH:D001321,28514,3
MESH:D001321,8856,3
MESH:D001321,9901,3
MESH:D001321,15,3
MESH:D001321,4683,3
MESH:D001321,4544,3
MESH:D001321,3702,3
MESH:D001321,90865,3
MESH:D001321,91107,3
MESH:D001321,23542,3
MESH:D001321,80312,3
MESH:D001321,290,3
MESH:D001321,134957,3
MESH:D001321,5013,3
MESH:D001321,81624,3
MESH:D001321,3098,3
MESH:D001321,7535,3
MESH:D001321,3352,3
MESH:D001321,55717,3
MESH:D001321,1360,3
MESH:D001321,820,6
MESH:D001321,4852,6
MESH:D001321,10413,6
MESH:D001321,4929,6
MESH:D001321,4089,6
MESH:D001321,5604,6
MESH:D001321,4502,6
MESH:D001321,2554,6
MESH:D001321,50814,1
MESH:D001321,57556,1
MESH:D001321,57471,1
MESH:D001321,5542,1
MESH:D001321,5902,1
MESH:D001321,2244,6
MESH:D001321,10270,1
MESH:D001321,23167,1
MESH:D001321,55034,1
MESH:D001321,58525,1
MESH:D001321,54674,1
MESH:D001321,114785,1
MESH:D001321,3670,1
MESH:D001321,916,6
MESH:D001321,2895,1
MESH:D001321,3485,1
MESH:D001321,116,4
MESH:D001321,4758,4
MESH:D001321,257194,4
MESH:D001321,6844,4
MESH:D001321,51175,4
MESH:D001321,1029,4
MESH:D001321,3036,4
MESH:D001321,23077,4
MESH:D001321,1909,4
MESH:D001321,5788,4
MESH:D001321,2120,4
MESH:D001321,7378,4
MESH:D001321,29110,4
MESH:D001321,3578,4
MESH:D001321,2900,4
MESH:D001321,26128,4
MESH:D001321,5052,4
MESH:D001321,6009,4
MESH:D001321,81565,4
MESH:D001321,51761,4
MESH:D001321,9927,4
MESH:D001321,9451,4
MESH:D001321,8930,4
MESH:D001321,10458,4
MESH:D001321,3359,4
MESH:D001321,1045,4
MESH:D001321,4983,4
MESH:D001321,9915,4
MESH:D001321,23236,4
MESH:D001321,3932,4
MESH:D001321,338376,4
MESH:D001321,1118,4
MESH:D001321,54209,2
MESH:D001321,10160,2
MESH:D001321,79874,2
MESH:D001321,8924,7
MESH:D001321,1105,2
MESH:D001321,7021,2
MESH:D001321,7299,2
MESH:D001321,6387,2
MESH:D001321,4582,2
MESH:D001321,80763,2
MESH:D001321,161725,2
MESH:D001321,26040,2
MESH:D001321,3655,2
MESH:D001321,6448,2
MESH:D001321,3603,2
MESH:D001321,81832,2
MESH:D001321,3908,2
MESH:D001321,118611,2
MESH:D001321,92211,2
MESH:D001321,3938,2
MESH:D001321,54954,2
MESH:D001321,2243,2
MESH:D001321,26280,2
MESH:D001321,3685,2
MESH:D001321,7345,2
MESH:D001321,1719,2
MESH:D001321,4842,5
MESH:D001321,6709,5
MESH:D001321,8879,5
MESH:D001321,55511,5
MESH:D001321,10592,5
MESH:D001321,1072,5
MESH:D001321,5609,5
MESH:D001321,200424,5
MESH:D001321,1108,5
MESH:D001321,5009,5
MESH:D001321,5465,5
MESH:D001321,6660,5
MESH:D001321,1269,5
MESH:D001321,10075,5
MESH:D001321,4297,5
MESH:D001321,5362,5
MESH:D001321,5741,5
MESH:D001321,2746,5
MESH:D001321,26121,5
MESH:D001321,23133,5
MESH:D001321,5605,5
MESH:D001321,3048,5
MESH:D001321,27345,3
MESH:D001321,3779,3
MESH:D001321,9804,3
MESH:D001321,6711,3
MESH:D001321,146,3
MESH:D001321,8228,3
MESH:D001321,2054,3
MESH:D001321,374308,3
MESH:D001321,706,3
MESH:D001321,10319,3
MESH:D001321,8543,3
MESH:D001321,10935,3
MESH:D001321,9242,3
MESH:D001321,64324,3
MESH:D001321,152789,3
MESH:D001321,7329,3
MESH:D001321,325,3
MESH:D001321,116443,3
MESH:D001321,5047,3
MESH:D001321,63973,3
MESH:D001321,3600,3
MESH:D001321,652,3
MESH:D001321,23036,3
MESH:D001321,55023,3
MESH:D001321,8506,3
MESH:D001321,6335,3
MESH:D001321,10787,3
MESH:D001321,56853,3
MESH:D001321,4841,3
MESH:D001321,133,3
MESH:D001321,1789,3
MESH:D001321,11102,3
MESH:D001321,2559,3
MESH:D001321,2064,3
MESH:D001321,3361,3
MESH:D001321,4907,3
MESH:D001321,53615,3
MESH:D001321,284525,3
MESH:D001321,5099,3
MESH:D001321,54221,3
MESH:D001321,4240,3
MESH:D001321,6955,3
MESH:D001321,1179,3
MESH:D001321,9564,3
MESH:D001321,2207,3
MESH:D001321,4942,1
MESH:D001321,23513,1
MESH:D001321,2648,1
MESH:D001321,1183,6
MESH:D001321,9699,1
MESH:D001321,79583,1
MESH:D001321,22839,1
MESH:D001321,2308,1
MESH:D001321,9211,6
MESH:D001321,9069,1
MESH:D001321,84062,6
MESH:D001321,26993,1
MESH:D001321,79594,1
MESH:D001321,10651,1
MESH:D001321,9810,1
MESH:D001321,91584,1
MESH:D001321,6608,1
MESH:D001321,11189,1
MESH:D001321,3040,6
MESH:D001321,4192,1
MESH:D001321,518,1
MESH:D001321,498,1
MESH:D001321,5141,1
MESH:D001321,7253,1
MESH:D001321,7508,1
MESH:D001321,4893,1
MESH:D001321,6263,1
MESH:D001321,3675,1
MESH:D001321,30811,1
MESH:D001321,3945,4
MESH:D001321,8864,4
MESH:D001321,4094,4
MESH:D001321,6657,4
MESH:D001321,10664,4
MESH:D001321,1613,4
MESH:D001321,3176,4
MESH:D001321,2625,4
MESH:D001321,57007,4
MESH:D001321,4535,4
MESH:D001321,3054,4
MESH:D001321,3643,4
MESH:D001321,5295,4
MESH:D001321,27303,4
MESH:D001321,55690,4
MESH:D001321,4205,4
MESH:D001321,5587,4
MESH:D001321,10763,4
MESH:D001321,5906,4
MESH:D001321,1131,4
MESH:D001321,4976,4
MESH:D001321,2317,4
MESH:D001321,150,4
MESH:D001321,9856,4
MESH:D001321,1646,4
MESH:D001321,6513,4
MESH:D001321,8932,4
MESH:D001321,84335,4
MESH:D001321,10678,4
MESH:D001321,9612,4
MESH:D001321,92737,4
MESH:D001321,3371,4
MESH:D001321,7341,4
MESH:D001321,2316,4
MESH:D001321,89832,4
MESH:D001321,6908,4
MESH:D001321,1536,4
MESH:D001321,4141,4
MESH:D001321,1523,4
MESH:D001321,407,4
MESH:D001321,84366,4
MESH:D001321,3423,2
MESH:D001321,54888,2
MESH:D001321,948,2
MESH:D001321,54550,2
MESH:D001321,7837,2
MESH:D001321,51360,2
MESH:D001321,10922,2
MESH:D001321,408,2
MESH:D001321,80059,2
MESH:D001321,3708,2
MESH:D001321,23583,2
MESH:D001321,2994,2
MESH:D001321,730249,2
MESH:D001321,3781,2
MESH:D001321,253738,2
MESH:D001321,6520,2
MESH:D001321,9867,2
MESH:D001321,1374,2
MESH:D001321,186,2
MESH:D001321,50834,2
MESH:D001321,650,2
MESH:D001321,4154,2
MESH:D001321,5864,2
MESH:D001321,10516,2
MESH:D001321,8997,2
MESH:D001321,140730,2
MESH:D001321,114788,2
MESH:D001321,7399,2
MESH:D001321,22926,2
MESH:D001321,4952,2
MESH:D001321,2059,2
MESH:D001321,10333,2
MESH:D001321,4110,2
MESH:D001321,2905,2
MESH:D001321,2906,2
MESH:D001321,8289,2
MESH:D001321,10846,2
MESH:D001321,64283,2
MESH:D001321,9735,2
MESH:D001321,151531,2
MESH:D001321,2671,2
MESH:D001321,154664,2
MESH:D001321,2150,2
MESH:D001321,5142,2
MESH:D001321,6444,2
MESH:D001321,4739,2
MESH:D001321,148398,2
MESH:D001321,5067,2
MESH:D001321,6421,2
MESH:D001321,8170,2
MESH:D001321,5646,2
MESH:D001321,26030,2
MESH:D001321,29125,2
MESH:D001321,10077,2
MESH:D001321,10499,2
MESH:D001321,2171,2
MESH:D001321,2272,2
MESH:D001321,2152,2
MESH:D001321,2657,2
MESH:D001321,2045,2
MESH:D001321,54584,2
MESH:D001321,5981,2
MESH:D001321,284058,2
MESH:D001321,10694,2
MESH:D001321,7468,2
MESH:D001321,5126,2
MESH:D001321,7982,2
MESH:D001321,23522,2
MESH:D001321,25805,2
MESH:D001321,51294,2
MESH:D001321,201456,2
MESH:D001321,5187,2
MESH:D001321,3360,2
MESH:D001321,6272,2
MESH:D001321,2548,2
MESH:D001321,27290,2
MESH:D001321,1080,5
MESH:D001321,55672,5
MESH:D001321,5976,5
MESH:D001321,6249,5
MESH:D001321,4864,5
MESH:D001321,7431,5
MESH:D001321,5592,5
MESH:D001321,818,5
MESH:D001321,1421,5
MESH:D001321,7412,5
MESH:D001321,4513,5
MESH:D001321,4923,5
MESH:D001321,25802,5
MESH:D001321,821,5
MESH:D001321,22924,5
MESH:D001321,6900,5
MESH:D001321,4151,5
MESH:D001321,2335,5
MESH:D001321,3426,5
MESH:D001321,11255,3
MESH:D001321,2002,3
MESH:D001321,9344,3
MESH:D001321,815,3
MESH:D001321,64919,3
MESH:D001321,84152,3
MESH:D001321,2678,3
MESH:D001321,11198,3
MESH:D001321,6734,3
MESH:D001321,1511,3
MESH:D001321,164045,3
MESH:D001321,9681,3
MESH:D001321,5414,3
MESH:D001321,9900,3
MESH:D001321,5978,3
MESH:D001321,259307,3
MESH:D001321,3687,3
MESH:D001321,4360,3
MESH:D001321,3188,3
MESH:D001321,5970,3
MESH:D001321,8569,3
MESH:D001321,89780,3
MESH:D001321,3396,3
MESH:D001321,3802,3
MESH:D001321,158038,3
MESH:D001321,253980,3
MESH:D001321,2066,3
MESH:D001321,4774,3
MESH:D001321,350,3
MESH:D001321,6722,3
MESH:D001321,6351,3
MESH:D001321,27245,3
MESH:D001321,1506,3
MESH:D001321,5097,3
MESH:D001321,358,3
MESH:D001321,81704,3
MESH:D001321,7528,3
MESH:D001321,4012,3
MESH:D001321,1879,3
MESH:D001321,55669,3
MESH:D001321,10059,3
MESH:D001321,51024,3
MESH:D001321,6405,3
MESH:D001321,22854,3
MESH:D001321,285175,3
MESH:D001321,9181,3
MESH:D001321,5817,3
MESH:D001321,161357,3
MESH:D001321,56666,3
MESH:D001321,5621,3
MESH:D001321,5354,3
MESH:D001321,89782,3
MESH:D001321,7681,3
MESH:D001321,183,3
MESH:D001321,2597,3
MESH:D001321,6770,3
MESH:D001321,2521,3
MESH:D001321,174,3
MESH:D001321,2561,3
MESH:D001321,10011,3
MESH:D001321,885,3
MESH:D001321,261726,3
MESH:D001321,23263,3
MESH:D001321,10055,3
MESH:D001321,3645,3
MESH:D001321,5328,3
MESH:D001321,4520,3
MESH:D001321,2019,3
MESH:D001321,3746,3
MESH:D001321,1439,3
MESH:D001321,5256,3
MESH:D001321,2564,3
MESH:D001321,4314,3
MESH:D001321,1453,3
MESH:D001321,30009,3
MESH:D001321,9402,3
MESH:D001321,9048,3
MESH:D001321,6295,1
MESH:D001321,2051,1
MESH:D001321,6817,1
MESH:D001321,6658,1
MESH:D001321,3992,1
MESH:D001321,11346,1
MESH:D001321,54953,1
MESH:D001321,6199,1
MESH:D001321,56616,1
MESH:D001321,9958,1
MESH:D001321,347735,1
MESH:D001321,3002,1
MESH:D001321,1270,1
MESH:D001321,5198,1
MESH:D001321,84447,1
MESH:D001321,114088,1
MESH:D001321,6903,1
MESH:D001321,9791,1
MESH:D001321,374,1
MESH:D001321,3028,1
MESH:D001321,9481,1
MESH:D001321,200933,1
MESH:D001321,54106,1
MESH:D001321,23557,1
MESH:D001321,11091,1
MESH:D001321,349075,1
MESH:D001321,6601,1
MESH:D001321,55558,1
MESH:D001321,23677,1
MESH:D001321,129446,1
MESH:D001321,23334,1
MESH:D001321,23523,1
MESH:D001321,2690,1
MESH:D001321,158506,1
MESH:D001321,1396,1
MESH:D001321,4849,1
MESH:D001321,1119,1
MESH:D001321,6007,1
MESH:D001321,64374,1
MESH:D001321,4172,1
MESH:D001321,30813,1
MESH:D001321,3425,1
MESH:D001321,4035,1
MESH:D001321,4974,1
MESH:D001321,57521,4
MESH:D001321,1735,4
MESH:D001321,4851,4
MESH:D001321,3717,4
MESH:D001321,26503,4
MESH:D001321,1544,4
MESH:D001321,5460,4
MESH:D001321,672,4
MESH:D001321,51481,4
MESH:D001321,799,4
MESH:D001321,22919,4
MESH:D001321,22850,4
MESH:D001321,25942,4
MESH:D001321,5789,4
MESH:D001321,4512,4
MESH:D001321,5987,4
MESH:D001321,80155,4
MESH:D001321,9641,4
MESH:D001321,712,4
MESH:D001321,7915,4
MESH:D001321,1576,4
MESH:D001321,5371,4
MESH:D001321,5727,4
MESH:D001321,2253,4
MESH:D001321,3726,4
MESH:D001321,3091,4
MESH:D001321,1398,4
MESH:D001321,1717,4
MESH:D001321,3251,4
MESH:D001321,49,4
MESH:D001321,2875,4
MESH:D001321,6310,4
MESH:D001321,2263,4
MESH:D001321,8745,4
MESH:D001321,57084,4
MESH:D001321,6271,4
MESH:D001321,5423,4
MESH:D001321,4986,4
MESH:D001321,4914,4
MESH:D001321,346171,2
MESH:D001321,10371,2
MESH:D001321,6779,2
MESH:D001321,6530,2
MESH:D001321,56259,2
MESH:D001321,5066,2
MESH:D001321,4616,2
MESH:D001321,109,2
MESH:D001321,53841,2
MESH:D001321,6934,2
MESH:D001321,2077,2
MESH:D001321,51305,2
MESH:D001321,125,2
MESH:D001321,217,2
MESH:D001321,2913,2
MESH:D001321,51332,2
MESH:D001321,30816,2
MESH:D001321,27,2
MESH:D001321,27241,2
MESH:D001321,1734,2
MESH:D001321,1869,2
MESH:D001321,51029,2
MESH:D001321,2053,2
MESH:D001321,104,2
MESH:D001321,4761,2
MESH:D001321,22954,2
MESH:D001321,26011,2
MESH:D001321,51473,2
MESH:D001321,2872,2
MESH:D001321,7477,2
MESH:D001321,7546,2
MESH:D001321,55554,2
MESH:D001321,8226,2
MESH:D001321,221935,2
MESH:D001321,256471,2
MESH:D001321,23654,2
MESH:D001321,2042,2
MESH:D001321,203228,2
MESH:D001321,5673,2
MESH:D001321,79068,2
MESH:D001321,4160,2
MESH:D001321,3122,2
MESH:D001321,8557,2
MESH:D001321,339451,2
MESH:D001321,285335,2
MESH:D001321,1440,2
MESH:D001321,50512,2
MESH:D001321,27006,2
MESH:D001321,4904,2
MESH:D001321,22807,2
MESH:D001321,3097,2
MESH:D001321,8295,2
MESH:D001321,958,2
MESH:D001321,10163,2
MESH:D001321,577,2
MESH:D001321,79157,2
MESH:D001321,7123,2
MESH:D001321,25878,2
MESH:D001321,9235,2
MESH:D001321,22796,2
MESH:D001321,3858,2
MESH:D001321,6687,2
MESH:D001321,26523,2
MESH:D001321,10492,2
MESH:D001321,100187907,2
MESH:D001321,9445,2
MESH:D001321,22983,2
MESH:D001321,5770,2
MESH:D001321,6783,2
MESH:D001321,85445,2
MESH:D001321,161882,2
MESH:D001321,1979,2
MESH:D001321,5799,2
MESH:D001321,2993,2
MESH:D001321,6885,2
MESH:D001321,7334,2
MESH:D001321,4734,2
MESH:D001321,1052,2
MESH:D001321,1394,2
MESH:D001321,2132,2
MESH:D001321,4810,2
MESH:D001321,3015,2
MESH:D001321,8851,2
MESH:D001321,1136,2
MESH:D001321,5366,2
MESH:D001321,1978,2
MESH:D001321,5538,2
MESH:D001321,7015,2
MESH:D001321,6521,2
MESH:D001321,84173,2
MESH:D001321,54476,2
MESH:D001321,283871,2
MESH:D001321,460,2
MESH:D001321,54768,2
MESH:D001321,5315,2
MESH:D001321,56479,2
MESH:D001321,147719,2
MESH:D001321,266727,2
MESH:D001321,83855,2
MESH:D001321,116444,2
MESH:D001321,21,2
MESH:D001321,24145,2
MESH:D001321,5034,2
MESH:D001321,8675,2
MESH:D001321,3759,2
MESH:D001321,30010,2
MESH:D001321,3382,2
MESH:D001321,1747,2
MESH:D001321,4886,2
MESH:D001321,2743,2
MESH:D001321,5168,2
MESH:D001321,26058,2
MESH:D001321,6396,2
MESH:D001321,219793,2
MESH:D001321,8456,2
MESH:D001321,2186,2
MESH:D001321,79004,2
MESH:D001321,8655,2
MESH:D001321,100506658,2
MESH:D001321,3752,2
MESH:D001321,1161,2
MESH:D001321,4076,2
MESH:D001321,3607,2
MESH:D001321,7155,2
MESH:D001321,747,2
MESH:D001321,2166,2
MESH:D001321,5304,2
MESH:D001321,81551,2
MESH:D001321,79932,2
MESH:D001321,4086,2
MESH:D001321,84959,2
MESH:D001321,5100,2
MESH:D001321,2262,2
MESH:D001321,10575,2
MESH:D001321,23345,2
MESH:D001321,8648,2
MESH:D001321,8850,2
MESH:D001321,135946,2
MESH:D001321,59286,2
MESH:D001321,2170,2
MESH:D001321,57578,2
MESH:D001321,5428,2
MESH:D001321,3562,2
MESH:D001321,266743,2
MESH:D001321,51477,2
MESH:D001321,4487,2
MESH:D001321,4337,2
MESH:D001321,1030,2
MESH:D001321,6503,2
MESH:D001321,4363,2
MESH:D001321,128,2
MESH:D001321,131,2
MESH:D001321,930,2
MESH:D001321,9295,2
MESH:D001321,391107,2
MESH:D001321,2919,2
MESH:D001321,11169,2
MESH:D001321,6241,2
MESH:D001321,7293,2
MESH:D001321,2255,2
MESH:D001321,501,2
MESH:D001321,3354,2
MESH:D001321,4489,2
MESH:D001321,4891,2
MESH:D001321,282679,2
MESH:D001321,7098,2
MESH:D001321,2018,2
MESH:D001321,1201,2
MESH:D001321,63908,2
MESH:D001321,84163,2
MESH:D001321,2159,2
MESH:D001321,1571,2
MESH:D001321,7319,2
MESH:D001321,2309,2
MESH:D001321,389090,2
MESH:D001321,8834,2
MESH:D001321,23233,2
MESH:D001321,2894,2
MESH:D001321,5916,2
MESH:D001321,3560,2
MESH:D001321,4015,2
MESH:D001321,8214,2
MESH:D001321,9855,2
MESH:D001321,11335,2
MESH:D001321,10923,2
MESH:D001321,4599,2
MESH:D001321,64093,2
MESH:D001321,7068,2
MESH:D001321,4681,2
MESH:D001321,2323,2
MESH:D001321,23443,2
MESH:D001321,5829,2
MESH:D001321,29091,2
MESH:D001321,23089,2
MESH:D001321,1013,2
MESH:D001321,29,2
MESH:D001321,514,2
MESH:D001321,102800317,2
MESH:D001321,2217,2
MESH:D001321,124590,2
MESH:D001321,7486,2
MESH:D001321,2155,2
MESH:D001321,10749,2
MESH:D001321,55061,2
MESH:D001321,57412,2
MESH:D001321,3699,2
MESH:D001321,2833,2
MESH:D001321,22978,2
MESH:D001321,24137,2
MESH:D001321,3476,2
MESH:D001321,51341,2
MESH:D001321,30061,2
MESH:D001321,5015,2
MESH:D001321,3357,2
MESH:D001321,60496,2
MESH:D001321,10491,2
MESH:D001321,729238,2
MESH:D001321,4193,2
MESH:D001321,8788,2
MESH:D001321,27253,2
MESH:D001321,8320,2
MESH:D001321,1584,2
MESH:D001321,2995,2
MESH:D001321,84678,3
MESH:D001321,10376,3
MESH:D001321,182,3
MESH:D001321,107,3
MESH:D001321,2011,3
MESH:D001321,477,3
MESH:D001321,51111,3
MESH:D001321,23309,3
MESH:D001321,6712,3
MESH:D001321,8636,3
MESH:D001321,5122,3
MESH:D001321,406,3
MESH:D001321,27102,3
MESH:D001321,9892,3
MESH:D001321,80199,3
MESH:D001321,55349,3
MESH:D001321,6716,3
MESH:D001321,84631,3
MESH:D001321,112755,3
MESH:D001321,103,3
MESH:D001321,84530,3
MESH:D001321,27042,3
MESH:D001321,6713,3
MESH:D001321,155435,3
MESH:D001321,3737,3
MESH:D001321,8878,3
MESH:D001321,8085,3
MESH:D001321,4771,3
MESH:D001321,9173,3
MESH:D001321,10617,3
MESH:D001321,2048,3
MESH:D001321,9839,3
MESH:D001321,10312,3
MESH:D001321,8450,3
MESH:D001321,3309,3
MESH:D001321,56899,3
MESH:D001321,6772,3
MESH:D001321,774,3
MESH:D001321,3654,3
MESH:D001321,65055,3
MESH:D001321,6683,3
MESH:D001321,4988,3
MESH:D001321,4820,3
MESH:D001321,23316,3
MESH:D001321,6857,3
MESH:D001321,347344,3
MESH:D001321,4629,3
MESH:D001321,727857,3
MESH:D001321,7080,3
MESH:D001321,54487,3
MESH:D001321,410,3
MESH:D001321,6567,3
MESH:D001321,8517,3
MESH:D001321,114928,3
MESH:D001321,10097,3
MESH:D001321,4609,3
MESH:D001321,7088,3
MESH:D001321,1113,3
MESH:D001321,3440,3
MESH:D001321,23327,3
MESH:D001321,2,3
MESH:D001321,1026,3
MESH:D001321,10399,3
MESH:D001321,2254,3
MESH:D001321,6850,3
MESH:D001321,8824,3
MESH:D001321,284390,3
MESH:D001321,3570,3
MESH:D001321,4287,3
MESH:D001321,1793,3
MESH:D001321,65110,3
MESH:D001321,1591,3
MESH:D001321,2984,3
MESH:D001321,1991,3
MESH:D001321,1236,3
MESH:D001321,6197,3
MESH:D001321,7263,3
MESH:D001321,5515,1
MESH:D001321,4212,1
MESH:D001321,3747,1
MESH:D001321,27094,1
MESH:D001321,100132406,1
MESH:D001321,10551,1
MESH:D001321,89795,1
MESH:D001321,283489,1
MESH:D001321,7425,1
MESH:D001321,331,1
MESH:D001321,1755,1
MESH:D001321,54468,1
MESH:D001321,5313,1
MESH:D001321,3898,1
MESH:D001321,5915,1
MESH:D001321,8996,1
MESH:D001321,3735,1
MESH:D001321,117579,1
MESH:D001321,10278,1
MESH:D001321,4869,1
MESH:D001321,23254,1
MESH:D001321,55905,1
MESH:D001321,125893,1
MESH:D001321,9825,1
MESH:D001321,7474,1
MESH:D001321,7473,1
MESH:D001321,54361,1
MESH:D001321,79621,1
MESH:D001321,2298,1
MESH:D001321,11202,1
MESH:D001321,23259,1
MESH:D001321,114792,1
MESH:D001321,4697,1
MESH:D001321,81491,1
MESH:D001321,55599,1
MESH:D001321,2525,1
MESH:D001321,196500,1
MESH:D001321,28992,1
MESH:D001321,79135,1
MESH:D001321,51185,1
MESH:D001321,5738,1
MESH:D001321,6204,1
MESH:D001321,5452,1
MESH:D001321,27034,1
MESH:D001321,55638,1
MESH:D001321,208,1
MESH:D001321,2494,1
MESH:D001321,27020,1
MESH:D001321,158866,1
MESH:D001321,26100,1
MESH:D001321,56956,1
MESH:D001321,84709,1
MESH:D001321,57626,1
MESH:D001321,6497,1
MESH:D001321,8891,1
MESH:D001321,150465,1
MESH:D001321,4621,1
MESH:D001321,1992,1
MESH:D001321,55733,1
MESH:D001321,3115,1
MESH:D001321,55259,1
MESH:D001321,51317,1
MESH:D001321,386653,1
MESH:D001321,7001,1
MESH:D001321,7189,1
MESH:D001321,8737,1
MESH:D001321,696,1
MESH:D001321,55857,1
MESH:D001321,644524,1
MESH:D001321,203076,1
MESH:D001321,79441,1
MESH:D001321,4821,1
MESH:D001321,27237,1
MESH:D001321,11019,1
MESH:D001321,57102,1
MESH:D001321,147040,1
MESH:D001321,51133,1
MESH:D001321,79734,1
MESH:D001321,154881,1
MESH:D001321,115207,1
MESH:D001321,79047,1
MESH:D001321,1896,1
MESH:D001321,60678,1
MESH:D001321,54345,1
MESH:D001321,3226,1
MESH:D001321,124842,1
MESH:D001321,121256,1
MESH:D001321,2158,1
MESH:D001321,7133,1
MESH:D001321,4994,1
MESH:D001321,22981,1
MESH:D001321,58512,1
MESH:D001321,23075,1
MESH:D001321,81,1
MESH:D001321,2897,1
MESH:D001321,7415,1
MESH:D001321,1447,1
MESH:D001321,22845,1
MESH:D001321,220202,1
MESH:D001321,3822,1
MESH:D001321,9437,1
MESH:D001321,2252,1
MESH:D001321,23373,1
MESH:D001321,55486,1
MESH:D001321,6239,1
MESH:D001321,7419,1
MESH:D001321,2081,1
MESH:D001321,284,1
MESH:D001321,10178,1
MESH:D001321,93034,1
MESH:D001321,10969,1
MESH:D001321,9464,1
MESH:D001321,122553,1
MESH:D001321,25852,1
MESH:D001321,9025,1
MESH:D001321,7126,1
MESH:D001321,4509,1
MESH:D001321,5813,1
MESH:D001321,7141,1
MESH:D001321,11332,1
MESH:D001321,79684,1
MESH:D001321,51231,1
MESH:D001321,54734,1
MESH:D001321,5364,1
MESH:D001321,170572,1
MESH:D001321,416,1
MESH:D001321,1629,1
MESH:D001321,196541,1
MESH:D001321,23358,1
MESH:D001321,203522,1
MESH:D001321,27336,1
MESH:D001321,403282,1
MESH:D001321,55830,1
MESH:D001321,347365,1
MESH:D001321,283219,1
MESH:D001321,58510,1
MESH:D001321,23741,1
MESH:D001321,163126,1
MESH:D001321,5792,1
MESH:D001321,54518,1
MESH:D001321,54986,1
MESH:D001321,23469,1
MESH:D001321,9969,1
MESH:D001321,4109,1
MESH:D001321,55805,1
MESH:D001321,4688,1
MESH:D001321,3743,1
MESH:D001321,22858,1
MESH:D001321,137814,1
MESH:D001321,731,1
MESH:D001321,55016,1
MESH:D001321,400569,1
MESH:D001321,10111,1
MESH:D001321,9373,1
MESH:D001321,134218,1
MESH:D001321,653,1
MESH:D001321,57616,1
MESH:D001321,3848,1
MESH:D001321,9075,1
MESH:D001321,9076,1
MESH:D001321,196996,1
MESH:D001321,8027,1
MESH:D001321,2916,1
MESH:D001321,84620,1
MESH:D001321,57624,1
MESH:D001321,23568,1
MESH:D001321,4628,1
MESH:D001321,4643,1
MESH:D001321,7106,1
MESH:D001321,79783,1
MESH:D001321,54882,1
MESH:D001321,3835,1
MESH:D001321,7201,1
MESH:D001321,4291,1
MESH:D001321,5544,1
MESH:D001321,5862,1
MESH:D001321,6550,1
MESH:D001321,7984,1
MESH:D001321,343170,1
MESH:D001321,6737,1
MESH:D001321,25865,1
MESH:D001321,57664,1
MESH:D001321,22990,1
MESH:D001321,5962,1
MESH:D001321,6192,1
MESH:D001321,9407,1
MESH:D001321,27040,1
MESH:D001321,726,1
MESH:D001321,867,1
MESH:D001321,9928,1
MESH:D001321,140683,1
MESH:D001321,10023,1
MESH:D001321,94025,1
MESH:D001321,23262,1
MESH:D001321,389549,1
MESH:D001321,6283,1
MESH:D001321,5566,1
MESH:D001321,4123,1
MESH:D001321,3052,1
MESH:D001321,7056,1
MESH:D001321,170482,1
MESH:D001321,3563,1
MESH:D001321,911,1
MESH:D001321,6238,1
MESH:D001321,3483,1
MESH:D001321,8874,1
MESH:D001321,5463,1
MESH:D001321,8161,1
MESH:D001321,29035,1
MESH:D001321,5734,1
MESH:D001321,1601,1
MESH:D001321,4493,1
MESH:D001321,9028,1
MESH:D001321,30846,1
MESH:D001321,79753,1
MESH:D001321,284217,1
MESH:D001321,51059,1
MESH:D001321,80725,1
MESH:D001321,145741,1
MESH:D001321,100287932,1
MESH:D001321,7402,1
MESH:D001321,83692,1
MESH:D001321,53407,1
MESH:D001321,8036,1
MESH:D001321,10512,1
MESH:D001321,4090,1
MESH:D001321,8550,1
MESH:D001321,80724,1
MESH:D001321,124,1
MESH:D001321,130,1
MESH:D001321,127,1
MESH:D001321,126,1
MESH:D001321,2747,1
MESH:D001321,3854,1
MESH:D001321,200315,1
MESH:D001321,27350,1
MESH:D001321,10518,1
MESH:D001321,27071,1
MESH:D001321,1890,1
MESH:D001321,29957,1
MESH:D001321,9016,1
MESH:D001321,10128,1
MESH:D001321,131118,1
MESH:D001321,343413,1
MESH:D001321,9169,1
MESH:D001321,26065,1
MESH:D001321,6732,1
MESH:D001321,3554,1
MESH:D001321,10972,1
MESH:D001321,30008,1
MESH:D001321,25864,1
MESH:D001321,5174,1
MESH:D001321,4034,1
MESH:D001321,83852,1
MESH:D001321,22847,1
MESH:D001321,29930,1
MESH:D001321,55808,1
MESH:D001321,57633,1
MESH:D001321,2581,1
MESH:D001321,55122,1
MESH:D001321,143282,1
MESH:D001321,80036,1
MESH:D001321,55704,1
MESH:D001321,6311,1
MESH:D001321,2295,1
MESH:D001321,91612,1
MESH:D001321,4522,1
MESH:D001321,375318,1
MESH:D001321,7100,1
MESH:D001321,9377,1
MESH:D001321,23400,1
MESH:D001321,11188,1
MESH:D001321,929,1
MESH:D001321,9338,1
MESH:D001321,5172,1
MESH:D001321,473,1
MESH:D001321,9990,1
MESH:D001321,2153,1
MESH:D001321,1109,1
MESH:D001321,10394,1
MESH:D001321,4040,1
MESH:D001321,6093,1
MESH:D001321,133584,1
MESH:D001321,123624,1
MESH:D001321,51201,1
MESH:D001321,92017,1
MESH:D001321,84148,1
MESH:D001321,1196,1
MESH:D001321,10533,1
MESH:D001321,3375,1
MESH:D001321,4017,1
MESH:D001321,1107,1
MESH:D001321,4913,1
MESH:D001321,3316,1
MESH:D001321,26339,1
MESH:D001321,128360,1
MESH:D001321,2268,1
MESH:D001321,6649,1
MESH:D001321,7764,1
MESH:D001321,10308,1
MESH:D001321,51299,1
MESH:D001321,10457,1
MESH:D001321,27043,1
MESH:D001321,133418,1
MESH:D001321,26188,1
MESH:D001321,57448,1
MESH:D001321,55206,1
MESH:D001321,7518,1
MESH:D001321,3113,1
MESH:D001321,10938,1
MESH:D001321,4143,1
MESH:D001321,80863,1
MESH:D001321,284521,1
MESH:D001321,657,1
MESH:D001321,11155,1
MESH:D001321,6240,1
MESH:D001321,4848,1
MESH:D001321,80731,1
MESH:D001321,2784,1
MESH:D001321,7490,1
MESH:D001321,859,1
MESH:D001321,10951,1
MESH:D001321,3111,1
MESH:D001321,56994,1
MESH:D001321,26227,1
MESH:D001321,3620,1
MESH:D001321,25932,1
MESH:D001321,60490,1
MESH:D001321,7050,1
MESH:D001321,2182,1
MESH:D001321,5077,1
MESH:D001321,4135,1
MESH:D001321,117143,1
MESH:D001321,57649,1
MESH:D001321,6018,1
MESH:D001321,949,1
MESH:D001321,4321,1
MESH:D001321,3628,1
MESH:D001321,5294,1
MESH:D001321,84932,1
MESH:D001321,1010,1
MESH:D001321,56131,1
MESH:D001321,1016,1
MESH:D001321,1005,1
MESH:D001321,93166,1
MESH:D001321,337,1
MESH:D001321,4862,1
MESH:D001321,641339,1
MESH:D001321,56288,1
MESH:D001321,79863,1
MESH:D001321,25825,1
MESH:D001321,2044,1
MESH:D001321,9949,1
MESH:D001321,6650,1
MESH:D001321,6383,1
MESH:D001321,1528,1
MESH:D001321,3336,1
MESH:D001321,4947,1
MESH:D001321,114034,1
MESH:D001321,154796,1
MESH:D001321,7257,1
MESH:D001321,79628,1
MESH:D001321,8884,1
MESH:D001321,708,1
MESH:D001321,3346,1
MESH:D001321,359787,1
MESH:D001321,6856,1
MESH:D001321,6733,1
MESH:D001321,117,1
MESH:D001321,26472,1
MESH:D001321,328,1
MESH:D001321,9337,1
MESH:D001321,91624,1
MESH:D001321,2547,1
MESH:D001321,170692,1
MESH:D001321,56160,1
MESH:D001321,54165,1
MESH:D001321,80316,1
MESH:D001321,25798,1
MESH:D001321,6742,1
MESH:D001321,2705,1
MESH:D001321,1947,1
MESH:D001321,8578,1
MESH:D001321,4782,1
MESH:D001321,85451,1
MESH:D001321,6376,1
MESH:D001321,150094,1
MESH:D001321,54913,1
MESH:D001321,4221,1
MESH:D001321,375449,1
MESH:D001321,80174,1
MESH:D001321,55811,1
MESH:D001321,6037,1
MESH:D001321,107181291,1
MESH:D001321,64359,1
MESH:D001321,90167,1
MESH:D001321,10054,1
MESH:D001321,1075,1
MESH:D001321,6576,1
MESH:D001321,4858,1
MESH:D001321,3930,1
MESH:D001321,10076,1
MESH:D001321,100131137,1
MESH:D001321,64100,1
MESH:D001321,22948,1
MESH:D001321,5687,1
MESH:D001321,53340,1
MESH:D001321,10466,1
MESH:D001321,3566,1
MESH:D001321,3927,1
MESH:D001321,40,1
MESH:D001321,4642,1
MESH:D001321,2073,1
MESH:D001321,118460,1
MESH:D001321,4308,1
MESH:D001321,23322,1
MESH:D001321,80306,1
MESH:D001321,1124,1
MESH:D001321,23012,1
MESH:D001321,3398,1
MESH:D001321,9177,1
MESH:D001321,51339,1
MESH:D001321,5629,1
MESH:D001321,326,1
MESH:D001321,79001,1
MESH:D001321,54510,1
MESH:D001321,8642,1
MESH:D001321,64881,1
MESH:D001321,10594,1
MESH:D001321,6019,1
MESH:D001321,79143,1
MESH:D001321,5726,1
MESH:D001321,10286,1
MESH:D001321,29126,1
MESH:D001321,83706,1
MESH:D001321,643,1
MESH:D001321,3579,1
MESH:D001321,54904,1
MESH:D001321,23095,1
MESH:D001321,64208,1
MESH:D001321,84539,1
MESH:D001321,3549,1
MESH:D001321,5447,1
MESH:D001321,5966,1
MESH:D001321,9081,1
MESH:D001321,392636,1
MESH:D001321,4719,1
MESH:D001321,1807,1
MESH:D001321,22797,1
MESH:D001321,3776,1
MESH:D001321,23054,1
MESH:D001321,6898,1
MESH:D001321,80351,1
MESH:D001321,58476,1
MESH:D001321,197320,1
MESH:D001321,1053,1
MESH:D001321,90665,1
MESH:D001321,29984,1
MESH:D001321,1208,1
MESH:D001321,2731,1
MESH:D001321,5467,1
MESH:D001321,1443,1
MESH:D001321,2355,1
MESH:D001321,283,2
MESH:D001321,1628,2
MESH:D001321,3067,2
MESH:D001321,79796,2
MESH:D001321,7090,2
MESH:D001321,5992,2
MESH:D001321,6453,2
MESH:D001321,2920,2
MESH:D001321,2259,2
MESH:D001321,2395,2
MESH:D001321,5564,2
MESH:D001321,8404,2
MESH:D001321,4900,2
MESH:D001321,55799,2
MESH:D001321,57731,2
MESH:D001321,64682,2
MESH:D001321,22944,2
MESH:D001321,26468,2
MESH:D001321,83475,2
MESH:D001321,1738,2
MESH:D001321,1290,2
MESH:D001321,181,2
MESH:D001321,5924,2
MESH:D001321,91833,2
MESH:D001321,10293,2
MESH:D001321,2556,2
MESH:D001321,1622,2
MESH:D001321,2588,2
MESH:D001321,3290,2
MESH:D001321,409,2
MESH:D001321,7991,2
MESH:D001321,3170,2
MESH:D001321,538,2
MESH:D001321,354,2
MESH:D001321,5653,2
MESH:D001321,4935,2
MESH:D001321,1649,2
MESH:D001321,30818,2
MESH:D001321,50863,2
MESH:D001321,3856,2
MESH:D001321,7070,2
MESH:D001321,3269,2
MESH:D001321,5664,2
MESH:D001321,51573,2
MESH:D001321,5096,2
MESH:D001321,8408,2
MESH:D001321,51347,2
MESH:D001321,25996,2
MESH:D001321,80326,2
MESH:D001321,4985,2
MESH:D001321,201161,2
MESH:D001321,574414,2
MESH:D001321,10957,2
MESH:D001321,55615,2
MESH:D001321,11272,2
MESH:D001321,80758,2
MESH:D001321,5818,2
MESH:D001321,80742,2
MESH:D001321,63826,2
MESH:D001321,6442,2
MESH:D001321,777,2
MESH:D001321,26,2
MESH:D001321,54790,2
MESH:D001321,435,2
MESH:D001321,1373,2
MESH:D001321,2058,2
MESH:D001321,65057,2
MESH:D001321,481,2
MESH:D001321,83737,2
MESH:D001321,140738,2
MESH:D001321,133396,2
MESH:D001321,1195,2
MESH:D001321,3094,2
MESH:D001321,8260,2
MESH:D001321,3574,2
MESH:D001321,56147,2
MESH:D001321,10663,2
MESH:D001321,9197,2
MESH:D001321,2672,2
MESH:D001321,84557,2
MESH:D001321,6566,2
MESH:D001321,2318,2
MESH:D001321,166614,2
MESH:D001321,2899,2
MESH:D001321,10965,2
MESH:D001321,641371,2
MESH:D001321,9721,2
MESH:D001321,2820,2
MESH:D001321,1645,2
MESH:D001321,55844,2
MESH:D001321,28988,2
MESH:D001321,5724,2
MESH:D001321,6431,2
MESH:D001321,26013,2
MESH:D001321,11122,2
MESH:D001321,3183,2
MESH:D001321,51422,2
MESH:D001321,6124,2
MESH:D001321,5894,2
MESH:D001321,1555,2
MESH:D001321,57528,2
MESH:D001321,30848,2
MESH:D001321,102,2
MESH:D001321,51586,2
MESH:D001321,2893,2
MESH:D001321,6045,2
MESH:D001321,51062,2
MESH:D001321,250,2
MESH:D001321,26033,2
MESH:D001321,284948,2
MESH:D001321,5610,2
MESH:D001321,4000,2
MESH:D001321,8822,2
MESH:D001321,10314,2
MESH:D001321,1277,2
MESH:D001321,7569,2
MESH:D001321,51056,2
MESH:D001321,8549,2
MESH:D001321,65018,2
MESH:D001321,10396,2
MESH:D001321,6585,2
MESH:D001321,2703,2
MESH:D001321,5163,2
MESH:D001321,6584,2
MESH:D001321,4899,2
MESH:D001321,22866,2
MESH:D001321,29082,2
MESH:D001321,89910,2
MESH:D001321,55055,2
MESH:D001321,343450,2
MESH:D001321,56655,2
MESH:D001321,421,2
MESH:D001321,581,2
MESH:D001321,1406,2
MESH:D001321,7102,2
MESH:D001321,552900,2
MESH:D001321,51256,2
MESH:D001321,4284,2
MESH:D001321,2691,2
MESH:D001321,83881,2
MESH:D001321,11158,2
MESH:D001321,3145,2
MESH:D001321,10982,2
MESH:D001321,1408,2
MESH:D001321,51741,2
MESH:D001321,254827,2
MESH:D001321,8218,2
MESH:D001321,5063,2
MESH:D001321,5395,2
MESH:D001321,4594,2
MESH:D001321,429,2
MESH:D001321,4644,2
MESH:D001321,51738,2
MESH:D001321,9021,2
MESH:D001321,220,2
MESH:D001321,9126,2
MESH:D001321,3760,2
MESH:D001321,10381,2
MESH:D001321,55856,2
MESH:D001321,9914,2
MESH:D001321,27286,2
MESH:D001321,7179,2
MESH:D001321,5618,2
MESH:D001321,54567,2
MESH:D001321,8618,2
MESH:D001321,81603,2
MESH:D001321,2644,2
MESH:D001321,342184,2
MESH:D001321,3689,2
MESH:D001321,6016,2
MESH:D001321,9013,2
MESH:D001321,85450,2
MESH:D001321,4625,2
MESH:D001321,699,2
MESH:D001321,2806,2
MESH:D001321,8224,2
MESH:D001321,51655,2
MESH:D001321,7019,2
MESH:D001321,344,2
MESH:D001321,1490,2
MESH:D001321,5781,2
MESH:D001321,1152,2
MESH:D001321,4627,2
MESH:D001321,202,2
MESH:D001321,846,2
MESH:D001321,23293,2
MESH:D001321,36,2
MESH:D001321,84628,2
MESH:D001321,6402,2
MESH:D001321,959,2
MESH:D001321,2596,2
MESH:D001321,64084,2
MESH:D001321,9863,2
MESH:D001321,105,2
MESH:D001321,6801,2
MESH:D001321,29888,2
MESH:D001321,57674,2
MESH:D001321,26278,2
MESH:D001321,55738,2
MESH:D001321,5076,2
MESH:D001321,5831,2
MESH:D001321,6710,2
MESH:D001321,972,2
MESH:D001321,5322,2
MESH:D001321,3975,2
MESH:D001321,1938,2
MESH:D001321,923,2
MESH:D001321,163,2
MESH:D001321,64219,2
MESH:D001321,254065,2
MESH:D001321,1915,2
MESH:D001321,3782,2
MESH:D001321,53616,2
MESH:D001321,1134,2
MESH:D001321,22929,2
MESH:D001321,10084,2
MESH:D001321,6571,2
MESH:D001321,23592,2
MESH:D001321,2213,2
MESH:D001321,10018,2
MESH:D001321,57794,2
MESH:D001321,4968,2
MESH:D001321,4001,2
MESH:D001321,5178,2
MESH:D001321,348980,2
MESH:D001321,8910,2
MESH:D001321,2887,2
MESH:D001321,2778,2
MESH:D001321,10096,2
MESH:D001321,2852,2
MESH:D001321,4778,2
MESH:D001321,388677,2
MESH:D001321,7552,2
MESH:D001321,22933,2
MESH:D001321,9314,2
MESH:D001321,2735,2
MESH:D001321,4741,2
MESH:D001321,1120,2
MESH:D001321,50651,2
MESH:D001321,2261,2
MESH:D001321,140679,2
MESH:D001321,415,2
MESH:D001321,26609,2
MESH:D001321,3060,2
MESH:D001321,5337,2
MESH:D001321,55041,2
MESH:D001321,7067,2
MESH:D001321,4342,2
MESH:D001321,10942,2
MESH:D001321,10903,2
MESH:D001321,5310,2
MESH:D001321,5533,2
MESH:D001321,2162,2
MESH:D001321,643418,2
MESH:D001321,4179,2
MESH:D001321,3491,2
MESH:D001321,2643,2
MESH:D001321,9736,2
MESH:D001321,1,2
MESH:D001321,84548,2
MESH:D001321,2201,2
MESH:D001321,57534,2
MESH:D001321,10249,2
MESH:D001321,23181,2
MESH:D001321,1111,2
MESH:D001321,4792,2
MESH:D001321,23657,2
MESH:D001321,24140,2
MESH:D001321,1543,2
MESH:D001321,6538,2
MESH:D001321,6776,2
MESH:D001321,10578,2
MESH:D001321,2260,2
MESH:D001321,3827,2
MESH:D001321,924,2
MESH:D001321,9536,2
MESH:D001321,23085,2
MESH:D001321,26059,2
MESH:D001321,5927,2
MESH:D001321,5243,2
MESH:D001321,54474,2
MESH:D001321,4760,2
MESH:D001321,3231,2
MESH:D001321,914,2
MESH:D001321,57459,2
MESH:D001321,673,2
MESH:D001321,9748,2
MESH:D001321,3661,2
MESH:D001321,26610,2
MESH:D001321,11153,2
MESH:D001321,7051,2
MESH:D001321,7112,2
MESH:D001321,5562,2
MESH:D001321,9567,2
MESH:D001321,384,2
MESH:D001321,6855,2
MESH:D001321,94233,2
MESH:D001321,1593,2
MESH:D001321,1000,2
MESH:D001321,3021,2
MESH:D001321,1232,2
MESH:D001321,8841,2
MESH:D001321,153769,2
MESH:D001321,6422,2
MESH:D001321,1142,2
MESH:D001321,8973,2
MESH:D001321,23284,2
MESH:D001321,7533,2
MESH:D001321,80331,1
MESH:D001321,537,1
MESH:D001321,6386,1
MESH:D001321,5523,1
MESH:D001321,5518,1
MESH:D001321,29966,1
MESH:D001321,83733,1
MESH:D001321,56999,1
MESH:D001321,10276,1
MESH:D001321,6445,1
MESH:D001321,10659,1
MESH:D001321,79895,1
MESH:D001321,11001,1
MESH:D001321,11320,1
MESH:D001321,55256,1
MESH:D001321,59338,1
MESH:D001321,10197,1
MESH:D001321,5106,1
MESH:D001321,340267,1
MESH:D001321,196385,1
MESH:D001321,4157,1
MESH:D001321,388931,1
MESH:D001321,24,1
MESH:D001321,51199,1
MESH:D001321,71,1
MESH:D001321,7276,1
MESH:D001321,64127,1
MESH:D001321,5521,1
MESH:D001321,114,1
MESH:D001321,64864,1
MESH:D001321,5991,1
MESH:D001321,58506,1
MESH:D001321,221092,1
MESH:D001321,375790,1
MESH:D001321,9525,1
MESH:D001321,50488,1
MESH:D001321,3034,1
MESH:D001321,81846,1
MESH:D001321,782,1
MESH:D001321,6342,1
MESH:D001321,1616,1
MESH:D001321,170463,1
MESH:D001321,379,1
MESH:D001321,9522,1
MESH:D001321,10020,1
MESH:D001321,219,1
MESH:D001321,83483,1
MESH:D001321,60436,1
MESH:D001321,2632,1
MESH:D001321,594857,1
MESH:D001321,363,1
MESH:D001321,374654,1
MESH:D001321,9401,1
MESH:D001321,64080,1
MESH:D001321,80273,1
MESH:D001321,339453,1
MESH:D001321,343071,1
MESH:D001321,100131827,1
MESH:D001321,440153,1
MESH:D001321,2719,1
MESH:D001321,25769,1
MESH:D001321,57822,1
MESH:D001321,8574,1
MESH:D001321,4148,1
MESH:D001321,55330,1
MESH:D001321,6888,1
MESH:D001321,51805,1
MESH:D001321,892,1
MESH:D001321,59336,1
MESH:D001321,26235,1
MESH:D001321,23421,1
MESH:D001321,2968,1
MESH:D001321,780,1
MESH:D001321,4317,1
MESH:D001321,84455,1
MESH:D001321,2358,1
MESH:D001321,139065,1
MESH:D001321,4593,1
MESH:D001321,55835,1
MESH:D001321,10641,1
MESH:D001321,1946,1
MESH:D001321,79187,1
MESH:D001321,173,1
MESH:D001321,256472,1
MESH:D001321,126129,1
MESH:D001321,10490,1
MESH:D001321,4867,1
MESH:D001321,27327,1
MESH:D001321,57690,1
MESH:D001321,55236,1
MESH:D001321,10274,1
MESH:D001321,9678,1
MESH:D001321,23031,1
MESH:D001321,79840,1
MESH:D001321,7156,1
MESH:D001321,165918,1
MESH:D001321,29127,1
MESH:D001321,2837,1
MESH:D001321,26085,1
MESH:D001321,5650,1
MESH:D001321,43847,1
MESH:D001321,25818,1
MESH:D001321,3817,1
MESH:D001321,3816,1
MESH:D001321,43849,1
MESH:D001321,5655,1
MESH:D001321,284366,1
MESH:D001321,3784,1
MESH:D001321,137994,1
MESH:D001321,8632,1
MESH:D001321,800,1
MESH:D001321,6663,1
MESH:D001321,54964,1
MESH:D001321,8491,1
MESH:D001321,3274,1
MESH:D001321,132320,1
MESH:D001321,322,1
MESH:D001321,4214,1
MESH:D001321,147381,1
MESH:D001321,10665,1
MESH:D001321,54664,1
MESH:D001321,56137,1
MESH:D001321,3953,1
MESH:D001321,6860,1
MESH:D001321,132789,1
MESH:D001321,23788,1
MESH:D001321,1464,1
MESH:D001321,6833,1
MESH:D001321,79625,1
MESH:D001321,968,1
MESH:D001321,51720,1
MESH:D001321,123169,1
MESH:D001321,54897,1
MESH:D001321,10472,1
MESH:D001321,23013,1
MESH:D001321,6938,1
MESH:D001321,4067,1
MESH:D001321,5601,1
MESH:D001321,57551,1
MESH:D001321,55832,1
MESH:D001321,7475,1
MESH:D001321,8570,1
MESH:D001321,57554,1
MESH:D001321,828,1
MESH:D001321,240,1
MESH:D001321,7691,1
MESH:D001321,8760,1
MESH:D001321,159,1
MESH:D001321,2078,1
MESH:D001321,55907,1
MESH:D001321,8092,1
MESH:D001321,10671,1
MESH:D001321,6861,1
MESH:D001321,57453,1
MESH:D001321,114769,1
MESH:D001321,23205,1
MESH:D001321,8914,1
MESH:D001321,4288,1
MESH:D001321,114112,1
MESH:D001321,317671,1
MESH:D001321,6700,1
MESH:D001321,6626,1
MESH:D001321,57609,1
MESH:D001321,92745,1
MESH:D001321,51234,1
MESH:D001321,55754,1
MESH:D001321,54623,1
MESH:D001321,55540,1
MESH:D001321,1407,1
MESH:D001321,7403,1
MESH:D001321,80333,1
MESH:D001321,9290,1
MESH:D001321,23216,1
MESH:D001321,139604,1
MESH:D001321,2645,1
MESH:D001321,55024,1
MESH:D001321,80274,1
MESH:D001321,57688,1
MESH:D001321,6474,1
MESH:D001321,5069,1
MESH:D001321,2938,1
MESH:D001321,6395,1
MESH:D001321,51379,1
MESH:D001321,130749,1
MESH:D001321,6540,1
MESH:D001321,6614,1
MESH:D001321,9027,1
MESH:D001321,3725,1
MESH:D001321,4332,1
MESH:D001321,26003,1
MESH:D001321,5950,1
MESH:D001321,9414,1
MESH:D001321,57530,1
MESH:D001321,1489,1
MESH:D001321,8945,1
MESH:D001321,1434,1
MESH:D001321,51699,1
MESH:D001321,56141,1
MESH:D001321,9123,1
MESH:D001321,8869,1
MESH:D001321,8535,1
MESH:D001321,8867,1
MESH:D001321,6304,1
MESH:D001321,1778,1
MESH:D001321,3960,1
MESH:D001321,1967,1
MESH:D001321,8893,1
MESH:D001321,8892,1
MESH:D001321,266,1
MESH:D001321,265,1
MESH:D001321,10344,1
MESH:D001321,6357,1
MESH:D001321,3925,1
MESH:D001321,312,1
MESH:D001321,23416,1
MESH:D001321,54970,1
MESH:D001321,255239,1
MESH:D001321,51366,1
MESH:D001321,51085,1
MESH:D001321,442117,1
MESH:D001321,7170,1
MESH:D001321,5967,1
MESH:D001321,8793,1
MESH:D001321,984,1
MESH:D001321,728642,1
MESH:D001321,163702,1
MESH:D001321,8481,1
MESH:D001321,51306,1
MESH:D001321,23092,1
MESH:D001321,2123,1
MESH:D001321,115560,1
MESH:D001321,55789,1
MESH:D001321,7169,1
MESH:D001321,6259,1
MESH:D001321,54809,1
MESH:D001321,6002,1
MESH:D001321,344148,1
MESH:D001321,25832,1
MESH:D001321,22916,1
MESH:D001321,10316,1
MESH:D001321,3149,1
MESH:D001321,3303,1
MESH:D001321,6366,1
MESH:D001321,2331,1
MESH:D001321,3315,1
MESH:D001321,1728,1
MESH:D001321,442185,1
MESH:D001321,3376,1
MESH:D001321,6404,1
MESH:D001321,5540,1
MESH:D001321,7706,1
MESH:D001321,5292,1
MESH:D001321,8726,1
MESH:D001321,377677,1
MESH:D001321,27246,1
MESH:D001321,57542,1
MESH:D001321,6500,1
MESH:D001321,8673,1
MESH:D001321,6468,1
MESH:D001321,25897,1
MESH:D001321,154214,1
MESH:D001321,57630,1
MESH:D001321,27152,1
MESH:D001321,8454,1
MESH:D001321,168391,1
MESH:D001321,3757,1
MESH:D001321,1610,1
MESH:D001321,6430,1
MESH:D001321,55066,1
MESH:D001321,4091,1
MESH:D001321,57705,1
MESH:D001321,7029,1
MESH:D001321,6557,1
MESH:D001321,56244,1
MESH:D001321,10724,1
MESH:D001321,55000,1
MESH:D001321,85458,1
MESH:D001321,6498,1
MESH:D001321,468,1
MESH:D001321,10769,1
MESH:D001321,3399,1
MESH:D001321,51115,1
MESH:D001321,192286,1
MESH:D001321,56896,1
MESH:D001321,64801,1
MESH:D001321,3267,1
MESH:D001321,5874,1
MESH:D001321,6545,1
MESH:D001321,7625,1
MESH:D001321,150209,1
MESH:D001321,84861,1
MESH:D001321,1399,1
MESH:D001321,3053,1
MESH:D001321,211,1
MESH:D001321,10130,1
MESH:D001321,8139,1
MESH:D001321,3417,1
MESH:D001321,55605,1
MESH:D001321,4650,1
MESH:D001321,10890,1
MESH:D001321,6253,1
MESH:D001321,4791,1
MESH:D001321,1138,1
MESH:D001321,1143,1
MESH:D001321,7089,1
MESH:D001321,79816,1
MESH:D001321,23137,1
MESH:D001321,55701,1
MESH:D001321,2775,1
MESH:D001321,811,1
MESH:D001321,928,1
MESH:D001321,975,1
MESH:D001321,495,1
MESH:D001321,8630,1
MESH:D001321,862,1
MESH:D001321,23251,1
MESH:D001321,57584,1
MESH:D001321,56776,1
MESH:D001321,142,1
MESH:D001321,221938,1
MESH:D001321,57786,1
MESH:D001321,134637,1
MESH:D001321,1278,1
MESH:D001321,5358,1
MESH:D001321,51594,1
MESH:D001321,10606,1
MESH:D001321,100507027,1
MESH:D001321,1062,1
MESH:D001321,23774,1
MESH:D001321,79694,1
MESH:D001321,19,1
MESH:D001321,121601,1
MESH:D001321,54886,1
MESH:D001321,56894,1
MESH:D001321,5205,1
MESH:D001321,1609,1
MESH:D001321,56895,1
MESH:D001321,1302,1
MESH:D001321,124454,1
MESH:D001321,9353,1
MESH:D001321,9423,1
MESH:D001321,6194,1
MESH:D001321,92293,1
MESH:D001321,22899,1
MESH:D001321,10006,1
MESH:D001321,4540,1
MESH:D001321,4724,1
MESH:D001321,6611,1
MESH:D001321,3172,1
MESH:D001321,4018,1
MESH:D001321,255738,1
MESH:D001321,9267,1
MESH:D001321,6892,1
MESH:D001321,84904,1
MESH:D001321,3191,1
MESH:D001321,11254,1
MESH:D001321,29760,1
MESH:D001321,10563,1
MESH:D001321,4088,1
MESH:D001321,4087,1
MESH:D001321,4313,1
MESH:D001321,4201,1
MESH:D001321,4939,1
MESH:D001321,5725,1
MESH:D001321,6237,1
MESH:D001321,84993,1
MESH:D001321,9148,1
MESH:D001321,8048,1
MESH:D001321,4736,1
MESH:D001321,10241,1
MESH:D001321,5245,1
MESH:D001321,10237,1
MESH:D001321,989,1
MESH:D001321,57862,1
MESH:D001321,4889,1
MESH:D001321,54887,1
MESH:D001321,57148,1
MESH:D001321,205717,1
MESH:D001321,7776,1
MESH:D001321,23299,1
MESH:D001321,9183,1
MESH:D001321,6904,1
MESH:D001321,8301,1
MESH:D001321,55630,1
MESH:D001321,29986,1
MESH:D001321,353345,1
MESH:D001321,60592,1
MESH:D001321,5732,1
MESH:D001321,4486,1
MESH:D001321,2113,1
MESH:D001321,4646,1
MESH:D001321,114327,1
MESH:D001321,114781,1
MESH:D001321,50813,1
MESH:D001321,440073,1
MESH:D001321,30834,1
MESH:D001321,6456,1
MESH:D001321,125336,1
MESH:D001321,10048,1
MESH:D001321,84232,1
MESH:D001321,22997,1
MESH:D001321,392617,1
MESH:D001321,1620,1
MESH:D001321,57795,1
MESH:D001321,339479,1
MESH:D001321,23621,1
MESH:D001321,443,1
MESH:D001321,2257,1
MESH:D001321,7024,1
MESH:D001321,5144,1
MESH:D001321,6998,1
MESH:D001321,79924,1
MESH:D001321,145264,1
MESH:D001321,64798,1
MESH:D001321,50507,1
MESH:D001321,631,1
MESH:D001321,54880,1
MESH:D001321,1415,1
MESH:D001321,7035,1
MESH:D001321,9256,1
MESH:D001321,84680,1
MESH:D001321,1059,1
MESH:D001321,58473,1
MESH:D001321,3991,1
MESH:D001321,6317,1
MESH:D001321,55829,1
MESH:D001321,27087,1
MESH:D001321,3914,1
MESH:D001321,10514,1
MESH:D001321,51506,1
MESH:D001321,1455,1
MESH:D001321,2356,1
MESH:D001321,567,1
MESH:D001321,10131,1
MESH:D001321,53947,1
MESH:D001321,51659,1
MESH:D001321,5479,1
MESH:D001321,9409,1
MESH:D001321,100129842,1
MESH:D001321,6228,1
MESH:D001321,51163,1
MESH:D001321,11343,1
MESH:D001321,148979,1
MESH:D001321,4335,1
MESH:D001321,55359,1
MESH:D001321,26245,1
MESH:D001321,401993,1
MESH:D001321,127062,1
MESH:D001321,11010,1
MESH:D001321,11103,1
MESH:D001321,1397,1
MESH:D001321,445,1
MESH:D001321,9775,1
MESH:D001321,4116,1
MESH:D001321,1420,1
MESH:D001321,3664,1
MESH:D001321,861,1
MESH:D001321,675,1
MESH:D001321,5925,1
MESH:D001321,20,1
MESH:D001321,7048,1
MESH:D001321,22943,1
MESH:D001321,5744,1
MESH:D001321,10253,1
MESH:D001321,4322,1
MESH:D001321,2035,1
MESH:D001321,3704,1
MESH:D001321,8318,1
MESH:D001321,7178,1
MESH:D001321,51621,1
MESH:D001321,116535,1
MESH:D001321,404672,1
MESH:D001321,2071,1
MESH:D001321,2068,1
MESH:D001321,199713,1
MESH:D001321,55655,1
MESH:D001321,5777,1
MESH:D001321,6305,1
MESH:D001321,701,1
MESH:D001321,8216,1
MESH:D001321,9820,1
MESH:D001321,3298,1
MESH:D001321,10036,1
MESH:D001321,10383,1
MESH:D001321,4437,1
MESH:D001321,80790,1
MESH:D001321,9750,1
MESH:D001321,9801,1
MESH:D001321,2822,1
MESH:D001321,6936,1
MESH:D001321,10345,1
MESH:D001321,154215,1
MESH:D001321,57477,1
MESH:D001321,158584,1
MESH:D001321,10073,1
MESH:D001321,5554,1
MESH:D001321,5522,1
MESH:D001321,284656,1
MESH:D001321,3196,1
MESH:D001321,10198,1
MESH:D001321,132204,1
MESH:D001321,9223,1
MESH:D001321,6314,1
MESH:D001321,5241,1
MESH:D001321,7010,1
MESH:D001321,5291,1
MESH:D001321,11014,1
MESH:D001321,6624,1
MESH:D001321,654231,1
MESH:D001321,221955,1
MESH:D001321,80028,1
MESH:D001321,9265,1
MESH:D001321,392862,1
MESH:D001321,7965,1
MESH:D001321,7559,1
MESH:D001321,8544,1
MESH:D001321,1004,1
MESH:D001321,2196,1
MESH:D001321,55879,1
MESH:D001321,90007,1
MESH:D001321,10082,1
MESH:D001321,84630,1
MESH:D001321,124925,1
MESH:D001321,387509,1
MESH:D001321,57703,1
MESH:D001321,81031,1
MESH:D001321,161424,1
MESH:D001321,128272,1
MESH:D001321,5064,1
MESH:D001321,53635,1
MESH:D001321,57727,1
MESH:D001321,3394,1
MESH:D001321,51710,1
MESH:D001321,27012,1
MESH:D001321,10623,1
MESH:D001321,10501,1
MESH:D001321,64844,1
MESH:D001321,23541,1
MESH:D001321,11280,1
MESH:D001321,79741,1
MESH:D001321,79005,1
MESH:D001321,57094,1
MESH:D001321,285888,1
MESH:D001321,3638,1
MESH:D001321,3659,1
MESH:D001321,6586,1
MESH:D001321,9179,1
MESH:D001321,55112,1
MESH:D001321,1181,1
MESH:D001321,9355,1
MESH:D001321,7442,1
MESH:D001321,219681,1
MESH:D001321,285190,1
MESH:D001321,26035,1
MESH:D001321,26998,1
MESH:D001321,55,1
MESH:D001321,55288,1
MESH:D001321,3767,1
MESH:D001321,4863,1
MESH:D001321,472,1
MESH:D001321,6654,1
MESH:D001321,9054,1
MESH:D001321,5191,1
MESH:D001321,275,1
MESH:D001321,55624,1
MESH:D001321,388650,1
MESH:D001321,138311,1
MESH:D001321,125704,1
MESH:D001321,5905,1
MESH:D001321,9965,1
MESH:D001321,1776,1
MESH:D001321,283078,1
MESH:D001321,3906,1
MESH:D001321,6866,1
MESH:D001321,392,1
MESH:D001321,26580,1
MESH:D001321,25885,1
MESH:D001321,7750,1
MESH:D001321,5167,1
MESH:D001321,441061,1
MESH:D001321,54942,1
MESH:D001321,3320,1
MESH:D001321,4978,1
MESH:D001321,84274,1
MESH:D001321,2669,1
MESH:D001321,94030,1
MESH:D001321,2523,1
MESH:D001321,79868,1
MESH:D001321,116113,1
MESH:D001321,285513,1
MESH:D001321,607,1
MESH:D001321,4259,1
MESH:D001321,5289,1
MESH:D001321,55192,1
MESH:D001321,79843,1
MESH:D001321,123803,1
MESH:D001321,57701,1
MESH:D001321,7566,1
MESH:D001321,3916,1
MESH:D001321,57537,1
MESH:D001321,8522,1
MESH:D001321,55917,1
MESH:D001321,84063,1
MESH:D001321,54847,1
MESH:D001321,140767,1
MESH:D001321,378884,1
MESH:D001321,50617,1
MESH:D001321,525,1
MESH:D001321,8681,1
