D_id,G_id,P_id,tag,relation
MESH:C538212,1184,10191359,channel,ClC-5 is a renal chloride channel associated with Dent's disease
MESH:C538212,1184,10191359,,ClC-5 is implicated in Dent's disease
MESH:C538212,1184,10191359,,ClC-5 is linked to hypercalciuria in Dent's disease
MESH:C538212,1184,10191359,mutat,Loss of function mutations of ClC-5 are characteristic of Dent's disease
MESH:C538212,1184,10191359,mutat,Loss of function mutations of ClC-5 are related to Dent's disease
MESH:C538212,1184,10191359,"caus,mutat",Loss of function mutations of ClC-5 cause Dent's disease
MESH:C538212,1184,10469281,,Arg648Stop contributes to functional loss in Dent's disease
MESH:C538212,1184,10469281,mutat,Arg648Stop is a mutation associated with Dent's disease
MESH:C538212,1184,10469281,,Arg648Stop is associated with Dent's disease
MESH:C538212,1184,10469281,"nonsens,mutat",Arg648Stop is classified as a nonsense mutation in Dent's disease
MESH:C538212,1184,10469281,found,Arg648Stop is found in patients with Dent's disease
MESH:C538212,1184,10469281,"found,mutat",Arg648Stop is one of eight mutations found in Dent's disease
MESH:C538212,1184,10469281,"identifi,mutat",Arg648Stop is one of the mutations identified in Dent's disease
MESH:C538212,1184,10469281,"result,channel",Arg648Stop results in functional loss of chloride channels in Dent's disease
MESH:C538212,1184,10469281,identifi,Arg648Stop was identified in patients with Dent's disease
MESH:C538212,1184,10469281,,Arg704Stop contributes to functional loss in Dent's disease
MESH:C538212,1184,10469281,mutat,Arg704Stop contributes to the spectrum of CLCN5 mutations related to Dent's disease
MESH:C538212,1184,10469281,mutat,Arg704Stop is a type of mutation associated with Dent's disease
MESH:C538212,1184,10469281,,Arg704Stop is associated with Dent's disease
MESH:C538212,1184,10469281,"identifi,mutat",Arg704Stop is one of the mutations identified in patients with Dent's disease
MESH:C538212,1184,10469281,"caus,channel",Arg704Stop is predicted to cause functional loss of chloride channels in Dent's disease
MESH:C538212,1184,10469281,identifi,Arg704Stop was identified in patients with Dent's disease
MESH:C538212,1184,10469281,,CLCN5 is associated with Dent's disease
MESH:C538212,1184,10469281,"caus,mutat",CLCN5 mutations cause Dent's disease
MESH:C538212,1184,10469281,result,functional loss of CLCN5 is likely to result in features of Dent's disease
MESH:C538212,1184,10469281,"found,mutat",mutations in CLCN5 are found in patients with Dent's disease
MESH:C538212,1184,10561751,channel,"voltage-gated chloride channel, CLC-5 is associated with Dent's disease"
MESH:C538212,1184,10620204,,CLCN5 is associated with Dent's disease
MESH:C538212,1184,10620204,"found,mutat",mutations in CLCN5 are found in affected males with Dent's disease
MESH:C538212,1184,10620205,,CLCN5 affects tubular proteinuria in Dent's disease
MESH:C538212,1184,10620205,,CLCN5 is associated with Dent's disease
MESH:C538212,1184,10620205,,CLCN5 is linked to tubular proteinuria in Dent's disease
MESH:C538212,1184,10620205,"caus,mutat",CLCN5 mutation causes Dent's disease
MESH:C538212,1184,10720930,"encod,novel,channel",CLCN5 is a novel gene encoding a chloride channel linked to Dent's disease
MESH:C538212,1184,10720930,,CLCN5 is associated with Dent's disease
MESH:C538212,1184,10720930,"caus,mutat",CLCN5 mutations cause Dent's disease
MESH:C538212,1184,10720930,"result,mutat",CLCN5 mutations result in functional loss in Dent's disease
MESH:C538212,1184,10720930,identifi,CLCN5 was identified in patients with Dent's disease
MESH:C538212,1184,10720930,identifi,CLCN5 was identified in relation to Dent's disease
MESH:C538212,1184,10906159,transvers,A to T transversion at codon 601 affects CLCN5 gene function in Dent's disease
MESH:C538212,1184,10906159,"transvers,truncat",A to T transversion at codon 601 contributes to truncated CLC-5 and loss of function in Dent's disease
MESH:C538212,1184,10906159,"transvers,truncat",A to T transversion at codon 601 contributes to truncated CLC-5 in Dent's disease
MESH:C538212,1184,10906159,transvers,A to T transversion at codon 601 is associated with Dent's disease
MESH:C538212,1184,10906159,"transvers,mutat",A to T transversion at codon 601 is one of the six mutations in Dent's disease
MESH:C538212,1184,10906159,"identifi,transvers",A to T transversion at codon 601 was identified in patients with Dent's disease
MESH:C538212,1184,10906159,,CLCN5 affects renal function in Dent's disease
MESH:C538212,1184,10906159,caus,CLCN5 causes Dent's disease
MESH:C538212,1184,10906159,encod,CLCN5 encodes a protein associated with Dent's disease
MESH:C538212,1184,10906159,encod,CLCN5 encodes a protein related to Dent's disease
MESH:C538212,1184,10906159,,CLCN5 is affected by Dent's disease
MESH:C538212,1184,10906159,"caus,mutat",CLCN5 is caused by mutations in Dent's disease
MESH:C538212,1184,10906159,,CLCN5 is involved in renal dysfunction in Dent's disease
MESH:C538212,1184,10906159,molecular,CLCN5 is linked to low molecular weight proteinuria in Dent's disease
MESH:C538212,1184,10906159,"identifi,mutat",CLCN5 mutations are identified in patients with Dent's disease
MESH:C538212,1184,10906159,"found,mutat",CLCN5 mutations found in Dent's disease
MESH:C538212,1184,10906159,"result,truncat,mutat",mutations in CLCN5 result in truncated CLC-5 in Dent's disease
MESH:C538212,1184,10916075,caus,CLCN5 causes Dent's disease
MESH:C538212,1184,10916075,encod,CLCN5 encodes a protein related to Dent's disease
MESH:C538212,1184,10916075,encod,CLCN5 encodes a protein that is involved in Dent's disease
MESH:C538212,1184,10916075,,CLCN5 is associated with Dent's disease
MESH:C538212,1184,10916075,"caus,mutat",CLCN5 mutations cause Dent's disease
MESH:C538212,1184,10916075,"lead,mutat",CLCN5 mutations lead to Dent's disease
MESH:C538212,1184,10916075,"lead,mutat",CLCN5 mutations lead to characteristics of Dent's disease
MESH:C538212,1184,10916075,"lead,mutat",mutations in CLCN5 lead to clinical symptoms of Dent's disease
MESH:C538212,1184,11014932,mutat,CLC-5 has mutations in Dent's disease
MESH:C538212,1184,11014932,,CLC-5 is associated with Dent's disease
MESH:C538212,1184,11167024,caus,CLCN5 causes Dent's disease
MESH:C538212,1184,11167024,"caus,mutat",CLCN5 mutations cause Dent's disease
MESH:C538212,1184,11167024,,characterization of CLCN5 provides insight into Dent's disease
MESH:C538212,1184,11167024,"result,defect",defects in CLCN5 result in Dent's disease
MESH:C538212,1184,11167024,,expression of CLCN5 is relevant to Dent's disease
MESH:C538212,1184,11167024,channel,human CLC-5 chloride channel is associated with Dent's disease
MESH:C538212,1184,11167024,"caus,mutat",mutation in CLCN5 could be the cause of Dent's disease
MESH:C538212,1184,11167024,"lead,mutat",mutations in CLCN5 lead to Dent's disease
MESH:C538212,1184,11262581,,ClC-5 is responsible for X-linked hypercalciuric nephrolithiasis
MESH:C538212,1184,11350746,caus,ClC-5 causes Dent's disease
MESH:C538212,1184,11350746,caus,ClC-5 causes Dent's disease in humans
MESH:C538212,1184,11350746,channel,ClC-5 is a chloride channel linked to Dent's disease
MESH:C538212,1184,11350746,,ClC-5 is implicated in the pathophysiology of Dent's disease
MESH:C538212,1184,11350746,,ClC-5 is linked to human diseases like Dent's disease
MESH:C538212,1184,11350746,mutat,ClC-5 is mutated in Dent's disease
MESH:C538212,1184,11350746,,ClC-5 is related to Dent's disease
MESH:C538212,1184,12187318,,Animal models with CLC-5 knockout provide insights into the effects of Dent's disease
MESH:C538212,1184,12187318,,CLC-5 contributes to the proteinuria in Dent's disease
MESH:C538212,1184,12187318,,CLC-5 functions in endosomal acidification related to Dent's disease
MESH:C538212,1184,12187318,,CLC-5 is involved in the pathogenesis of Dent's disease
MESH:C538212,1184,12187318,,CLC-5 is related to Dent's disease
MESH:C538212,1184,12187318,,CLC-5 is studied in relation to the mechanisms underlying Dent's disease
MESH:C538212,1184,12187318,,CLC-5 knockout models are used to investigate mechanisms of Dent's disease
MESH:C538212,1184,12187318,defect,Defective CLC-5 contributes to proteinuria in Dent's disease
MESH:C538212,1184,12187318,defect,Defective endosomal acidification involving CLC-5 plays a role in the development of Dent's disease
MESH:C538212,1184,12187318,,Studies of CLC-5 have shown effects on renal failure in Dent's disease
MESH:C538212,1184,12444212,,CLCN5 affects calcium transport in the distal convoluted tubule in Dent's disease
MESH:C538212,1184,12444212,,CLCN5 is associated with Dent's disease
MESH:C538212,1184,12444212,mutat,CLCN5 is mutated in patients with Dent's disease
MESH:C538212,1184,12444212,,Inactivation of CLCN5 is linked to hypercalciuria in Dent's disease
MESH:C538212,1184,12631345,mutat,ClC-5 has mutations in Dent's disease patients
MESH:C538212,1184,12631345,,ClC-5 is associated with Dent's disease
MESH:C538212,1184,12631345,"caus,mutat",ClC-5 mutations cause Dent's disease
MESH:C538212,1184,12631358,,hCLC-5 functions in the pathology of Dent's disease
MESH:C538212,1184,12631358,channel,hCLC-5 is a chloride channel involved in Dent's disease
MESH:C538212,1184,12631358,channel,hCLC-5 is a renal-specific chloride channel linked to Dent's disease
MESH:C538212,1184,12631358,,hCLC-5 is associated with Dent's disease
MESH:C538212,1184,12631358,"caus,mutat",hCLC-5 mutations cause Dent's disease
MESH:C538212,1184,12631358,"lead,mutat",mutations in hCLC-5 lead to Dent's disease
MESH:C538212,1184,12637640,,65insT is associated with Dent's disease
MESH:C538212,1184,12637640,identifi,65insT was identified in patients with Dent's disease
MESH:C538212,1184,12637640,co-segreg,Arg718Stop co-segregates with Dent's disease
MESH:C538212,1184,12637640,,Arg718Stop is associated with Dent's disease
MESH:C538212,1184,12637640,,CLCN5 is associated with Dent's disease
MESH:C538212,1184,12637640,mutat,CLCN5 is mutated in Dent's disease
MESH:C538212,1184,12637640,"caus,mutat",CLCN5 mutations cause Dent's disease
MESH:C538212,1184,12637640,"identifi,mutat",CLCN5 mutations were identified in Spanish patients with Dent's disease
MESH:C538212,1184,12637640,"co-segreg,famili",Leu433Stop co-segregates with Dent's disease in families
MESH:C538212,1184,12637640,,Leu433Stop is associated with Dent's disease
MESH:C538212,1184,12637640,identifi,Leu433Stop was identified in Spanish patients with Dent's disease
MESH:C538212,1184,12637640,"result,mutat",mutations in CLCN5 result in Dent's disease
MESH:C538212,1184,12637640,"result,mutat",mutations in CLCN5 result in renal failure in Dent's disease patients
MESH:C538212,1184,12904289,,ClC-5 has been shown to be involved in patients with Dent's disease
MESH:C538212,1184,12904289,,ClC-5 has been shown to be linked with Dent's disease
MESH:C538212,1184,12904289,,ClC-5 is essential for protein uptake in Dent's disease
MESH:C538212,1184,12904289,,ClC-5 is linked to Dent's disease
MESH:C538212,1184,12904289,,ClC-5 is related to the pathophysiology of Dent's disease
MESH:C538212,1184,12904289,,ClC-5 knockout mice exhibit impaired protein uptake related to Dent's disease
MESH:C538212,1184,12904289,,ClC-5 was studied in patients with Dent's disease
MESH:C538212,1184,13679301,hereditari,ClC-5 function can be restored in hereditary disorder Dent's disease
MESH:C538212,1184,13679301,hereditari,ClC-5 is linked to hereditary disorder Dent's disease
MESH:C538212,1184,13679301,"loss-of-funct,mutat,hereditari",ClC-5 loss-of-function mutations are associated with hereditary disorder Dent's disease
MESH:C538212,1184,13679301,"caus,mutat,hereditari",ClC-5 mutations can cause hereditary disorder Dent's disease
MESH:C538212,1184,14521953,,CLC-5 is associated with Dent's disease
MESH:C538212,1184,14521953,"lead,mutat",Mutations disrupting CLC-5 lead to Dent's disease
MESH:C538212,1184,14569156,,ClC-5 is associated with Dent's disease
MESH:C538212,1184,14569156,,ClC-5 is related to Dent's disease
MESH:C538212,1184,14569156,result,abnormal functions of ClC-5 result in Dent's disease
MESH:C538212,1184,14569459,,CLCN5 contains an abnormally large exon 11 in Dent's disease patient
MESH:C538212,1184,14569459,mutat,CLCN5 contains mutations related to Dent's disease
MESH:C538212,1184,14569459,"result,mutat",CLCN5 gene mutation results in Dent's disease
MESH:C538212,1184,14569459,"identifi,mutat",CLCN5 has mutations identified in patients with Dent's disease
MESH:C538212,1184,14569459,,CLCN5 is associated with Dent's disease
MESH:C538212,1184,14569459,,CLCN5 is located in renal tubular cells affected by Dent's disease
MESH:C538212,1184,14569459,"insert,mutat,sequenc,novo",CLCN5 mutated by de novo insertion of Alu sequence in Dent's disease
MESH:C538212,1184,14569459,truncat,CLCN5 predicts truncated ClC-5 protein in Dent's disease
MESH:C538212,1184,14569459,found,CLCN5 was found to have an abnormally large exon 11 in a patient with Dent's disease
MESH:C538212,1184,14569459,"caus,insert",insertion in codon 650 causes Dent's disease
MESH:C538212,1184,14569459,insert,insertion in codon 650 is associated with Dent's disease
MESH:C538212,1184,14569459,"result,insert",insertion in codon 650 results in Dent's disease
MESH:C538212,1184,14673707,,CLCN5 is associated with Dent's disease
MESH:C538212,1184,14673707,,CLCN5 is implicated in nephrolithiasis related to Dent's disease
MESH:C538212,1184,14673707,mutat,CLCN5 is mutated in Dent's disease
MESH:C538212,1184,14673707,"lead,mutat,phenotyp",CLCN5 mutation leads to phenotypic variants of Dent's disease
MESH:C538212,1184,14673707,phenotyp,CLCN5 plays a role in Dent's disease phenotypic variants
MESH:C538212,1184,14673707,,CLCN5 plays a role in the pathophysiology of Dent's disease
MESH:C538212,1184,14673707,,IVS2-17 T>G affects the CLCN5 gene linked to Dent's disease
MESH:C538212,1184,14673707,phenotyp,IVS2-17 T>G contributes to the phenotypic variants of Dent's disease
MESH:C538212,1184,14673707,,IVS2-17 T>G is associated with Dent's disease
MESH:C538212,1184,14673707,,IVS2-17 T>G is linked to nephrolithiasis seen in Dent's disease
MESH:C538212,1184,14673707,,IVS2-17 T>G was detected in patients with Dent's disease
MESH:C538212,1184,14675051,,ClC-5 distribution must be acquired before birth in Dent's disease
MESH:C538212,1184,14675051,,ClC-5 is responsible for Dent's disease
MESH:C538212,1184,14730510,,CLC-5 disrupts function in Dent's disease
MESH:C538212,1184,14730510,,CLC-5 is associated with Dent's disease
MESH:C538212,1184,14730510,lead,Impaired function of CLC-5 leads to disturbed reabsorption of filtered proteins in Dent's disease
MESH:C538212,1184,14730510,lead,Impaired function of CLC-5 leads to hypercalciuria in Dent's disease
MESH:C538212,1184,14732909,caus,CLCN5 causes Dent's disease
MESH:C538212,1184,14732909,caus,CLCN5 causes severe impairment of receptor-mediated endocytosis in Dent's disease
MESH:C538212,1184,14732909,,CLCN5 is crucial for efficient acidification of renal endosomes in Dent's disease
MESH:C538212,1184,14732909,mutat,CLCN5 mutates in Dent's disease
MESH:C538212,1184,15042536,,CLCN5 is associated with X-linked hypercalciuric nephrolithiasis
MESH:C538212,1184,15042536,,CLCN5 is involved in the pathology of X-linked hypercalciuric nephrolithiasis
MESH:C538212,1184,15042536,inherit,CLCN5 is linked to inherited proximal tubulopathies like X-linked hypercalciuric nephrolithiasis
MESH:C538212,1184,15042536,mutat,CLCN5 mutated in X-linked hypercalciuric nephrolithiasis
MESH:C538212,1184,15042536,,CLCN5 plays a role in the development of X-linked hypercalciuric nephrolithiasis
MESH:C538212,1184,15086899,"found,mutat",CLCN5 has mutations found in patients with Dent's disease
MESH:C538212,1184,15086899,,CLCN5 is associated with Dent's disease
MESH:C538212,1184,15086899,"found,mutat",Mutations in CLCN5 are found in some patients with Dent's disease
MESH:C538212,1184,15086899,"lead,mutat",Mutations in CLCN5 lead to Dent's disease
MESH:C538212,1184,15125028,mutat,CLCN5 has mutations in Dent's disease patients
MESH:C538212,1184,15125028,,CLCN5 is a gene associated with Dent's disease
MESH:C538212,1184,15125028,,CLCN5 is linked to renal tubular disorder in Dent's disease
MESH:C538212,1184,15125028,"mutat,famili",CLCN5 is mutated in families with Dent's disease
MESH:C538212,1184,15125028,,CLCN5 is responsible for Dent's disease
MESH:C538212,1184,15125028,"caus,mutat",CLCN5 mutation causes Dent's disease
MESH:C538212,1184,15125028,mutat,CLCN5 was investigated for mutations in Dent's disease
MESH:C538212,1184,15125028,,G506R contributes to the pathology of Dent's disease
MESH:C538212,1184,15125028,mutat,G506R is a mutation associated with Dent's disease
MESH:C538212,1184,15125028,"missens,mutat",G506R is classified as a missense mutation in Dent's disease
MESH:C538212,1184,15125028,identifi,G506R is identified in patients with Dent's disease
MESH:C538212,1184,15125028,,G506R is linked to renal tubular dysfunction in Dent's disease
MESH:C538212,1184,15125028,,G506R is linked to the CLCN5 gene involved in Dent's disease
MESH:C538212,1184,15125028,"found,novel,mutat",G506R is one of the novel mutations found in Dent's disease
MESH:C538212,1184,15125028,,G506R was detected in one of the patients with Dent's disease
MESH:C538212,1184,15125028,"lead,manifest",R28X can lead to clinical manifestations of Dent's disease
MESH:C538212,1184,15125028,channel,R28X contributes to the inactivation of a renal chloride channel gene in Dent's disease
MESH:C538212,1184,15125028,,R28X contributes to the inactivation of the CLCN5 gene in Dent's disease
MESH:C538212,1184,15125028,mutat,R28X is a mutation associated with Dent's disease
MESH:C538212,1184,15125028,mutat,R28X is a type of CLCN5 mutation associated with Dent's disease
MESH:C538212,1184,15125028,,R28X is associated with Dent's disease
MESH:C538212,1184,15125028,identifi,R28X is identified in patients with Dent's disease
MESH:C538212,1184,15125028,,R28X is linked to renal tubular dysfunction in Dent's disease
MESH:C538212,1184,15125028,"identifi,mutat",R28X is one of the mutations identified in patients with Dent's disease
MESH:C538212,1184,15125028,"found,novel,mutat",R28X is one of the novel mutations found in Dent's disease patients
MESH:C538212,1184,15125028,,R28X was exhibited in patients studied for Dent's disease
MESH:C538212,1184,15125028,identifi,R28X was identified in the study of Dent's disease in Japan
MESH:C538212,1184,15125028,insert,insertion between nucleotides 590 affects the severity of Dent's disease
MESH:C538212,1184,15125028,insert,insertion between nucleotides 590 contributes to Dent's disease pathology
MESH:C538212,1184,15125028,"caus,insert",insertion between nucleotides 590 contributes to the cause of Dent's disease
MESH:C538212,1184,15125028,"basi,insert",insertion between nucleotides 590 contributes to the genetic basis of Dent's disease
MESH:C538212,1184,15125028,"insert,mutat",insertion between nucleotides 590 is a type of CLCN5 mutation related to Dent's disease
MESH:C538212,1184,15125028,insert,insertion between nucleotides 590 is associated with Dent's disease
MESH:C538212,1184,15125028,"identifi,insert",insertion between nucleotides 590 is identified in patients with Dent's disease
MESH:C538212,1184,15125028,insert,insertion between nucleotides 590 is part of the genetic analysis for Dent's disease
MESH:C538212,1184,15125028,"identifi,insert",insertion between nucleotides 590 was identified in studies of Dent's disease
MESH:C538212,1184,15140760,,CLC5 is associated with Dent's disease
MESH:C538212,1184,15469420,,CLCN5 has been associated with Dent's disease
MESH:C538212,1184,15469420,,CLCN5 plays a role in Dent's disease
MESH:C538212,1184,15469420,mutat,mutations in CLCN5 have been linked to Dent's disease
MESH:C538212,1184,15524062,mutat,CLCN5 has a mutation associated with Dent's disease
MESH:C538212,1184,15524062,mutat,CLCN5 has a mutation in Japanese Dent's disease
MESH:C538212,1184,15524062,,CLCN5 has a role in the pathogenesis of Dent's disease
MESH:C538212,1184,15524062,identifi,CLCN5 identified in Japanese Dent's disease
MESH:C538212,1184,15524062,,CLCN5 is affected by Japanese Dent's disease
MESH:C538212,1184,15524062,,CLCN5 is associated with renal insufficiency in Japanese Dent's disease
MESH:C538212,1184,15524062,,CLCN5 is linked to renal insufficiency in Dent's disease
MESH:C538212,1184,15524062,"lead,manifest,mutat",CLCN5 mutations can lead to clinical manifestations in Dent's disease
MESH:C538212,1184,15524062,,I524K affects patients with Dent's disease
MESH:C538212,1184,15524062,,I524K affects renal function in Dent's disease
MESH:C538212,1184,15524062,manifest,I524K contributes to the clinical manifestations of Dent's disease
MESH:C538212,1184,15524062,mutat,I524K is a mutation associated with Dent's disease
MESH:C538212,1184,15524062,found,I524K is found in the gene associated with Dent's disease
MESH:C538212,1184,15524062,,I524K is linked to abnormalities in Dent's disease
MESH:C538212,1184,15524062,,I524K is linked to proteinuria in Dent's disease
MESH:C538212,1184,15524062,,I524K is related to renal insufficiency in Dent's disease
MESH:C538212,1184,15524062,,I524K may impact calcium metabolism in Dent's disease
MESH:C538212,1184,15524062,identifi,I524K was identified in Dent's disease
MESH:C538212,1184,15524062,identifi,I524K was identified in Japanese Dent's disease
MESH:C538212,1184,15524062,"found,missens,mutat",missense mutation in CLCN5 is found in patients with Dent's disease
MESH:C538212,1184,15524062,mutat,mutation in CLCN5 contributes to Dent's disease
MESH:C538212,1184,15571186,,CLCN5 is a gene linked to progressive renal failure in Dent's disease
MESH:C538212,1184,15571186,,CLCN5 is associated with Dent's disease
MESH:C538212,1184,15571186,"lead,mutat",CLCN5 mutation leads to low-molecular weight proteinuria in Dent's disease
MESH:C538212,1184,15615094,,CLC-5 is associated with Dent's disease
MESH:C538212,1184,15615094,"account,defect","Defects in CLC-5 may help to account for LMWP, hyperphosphaturia, hypercalciuria and nephrolithiasis in Dent's disease"
MESH:C538212,1184,15615094,molecular,Molecular studies of CLC-5 have increased understanding of the renal tubular mechanisms in Dent's disease
MESH:C538212,1184,15627218,,CLCN5 is a gene linked to Dent disease
MESH:C538212,1184,15627218,,CLCN5 is associated with Dent disease
MESH:C538212,1184,15627218,"lead,mutat",CLCN5 mutations lead to renal proximal tubulopathy in Dent disease
MESH:C538212,1184,15719255,caus,CLCN5 causes Dent's disease
MESH:C538212,1184,15719255,,CLCN5 is a gene associated with Dent's disease
MESH:C538212,1184,15719255,"caus,mutat",CLCN5 is caused by mutations in Dent's disease
MESH:C538212,1184,15719255,"lead,mutat",CLCN5 mutations lead to symptoms of Dent's disease
MESH:C538212,1184,15719255,"expand,mutat",E609X expands the spectrum of CLCN5 mutations in Dent's disease
MESH:C538212,1184,15719255,mutat,E609X is a mutation in Dent's disease
MESH:C538212,1184,15719255,,E609X is associated with Dent's disease
MESH:C538212,1184,15719255,,E609X is associated with clinical symptoms of Dent's disease
MESH:C538212,1184,15719255,phenotyp,E609X is related to phenotypic analysis in Dent's disease
MESH:C538212,1184,15719255,,E609X was diagnosed in a patient with Dent's disease
MESH:C538212,1184,15719255,identifi,E609X was identified in Korean patients with Dent's disease
MESH:C538212,1184,15719255,,Patients with R637X presented with asymptomatic proteinuria in Dent's disease
MESH:C538212,1184,15719255,phenotyp,R637X contributes to the phenotypic presentation of Dent's disease
MESH:C538212,1184,15719255,mutat,R637X is a mutation associated with Dent's disease
MESH:C538212,1184,15719255,mutat,R637X is a mutation in Dent's disease
MESH:C538212,1184,15719255,mutat,R637X is a type of mutation in the CLCN5 gene related to Dent's disease
MESH:C538212,1184,15719255,phenotyp,R637X is associated with phenotypes similar to Japanese patients with Dent's disease
MESH:C538212,1184,15719255,mutat,R637X is one of the mutations of the CLCN5 gene related to Dent's disease
MESH:C538212,1184,15719255,found,R637X was found in two patients with Dent's disease
MESH:C538212,1184,15719255,"mutat,phenotyp",mutations in CLCN5 are responsible for phenotypic differences in Dent's disease
MESH:C538212,1184,15814539,,CLCN5 implicates hypokalaemic metabolic alkalosis in Dent's disease
MESH:C538212,1184,15814539,,CLCN5 is a gene linked to Dent's disease
MESH:C538212,1184,15814539,,CLCN5 is associated with Dent's disease
MESH:C538212,1184,15814539,,CLCN5 is involved in pathophysiology of Dent's disease
MESH:C538212,1184,15814539,,CLCN5 is linked to unusual presentation of Dent's disease
MESH:C538212,1184,15814539,"caus,mutat",CLCN5 mutation causes Dent's disease
MESH:C538212,1184,15814539,,CLCN5 plays a role in Dent's disease
MESH:C538212,1184,15814539,,R347X affects children with Dent's disease
MESH:C538212,1184,15814539,,R347X is associated with Dent's disease
MESH:C538212,1184,15814539,,R347X is linked to unusual presentation of Dent's disease
MESH:C538212,1184,15814539,,R347X presents as an unusual presentation of Dent's disease
MESH:C538212,1184,15895257,caus,C221R causes Dent's disease
MESH:C538212,1184,15895257,"caus,mutat",G462 V is a mutation causing Dent's disease
MESH:C538212,1184,15895257,,G462 V is associated with Dent's disease
MESH:C538212,1184,15895257,,G462 V is associated with progressive renal failure in Dent's disease
MESH:C538212,1184,15895257,,G462 V is examined in the context of Dent's disease
MESH:C538212,1184,15895257,"caus,mutat",G462 V is examined in the context of mutations causing Dent's disease
MESH:C538212,1184,15895257,,G462 V was tested for functional evaluation related to Dent's disease
MESH:C538212,1184,15895257,mutat,G506E is a mutation associated with Dent's disease
MESH:C538212,1184,15895257,,G506E is associated with Dent's disease
MESH:C538212,1184,15895257,,G506E was tested in relation to Dent's disease
MESH:C538212,1184,15895257,caus,L324R causes Dent's disease
MESH:C538212,1184,15895257,"caus,mutat",L324R is a mutation causing Dent's disease
MESH:C538212,1184,15895257,,L324R is associated with kidney disorders like Dent's disease
MESH:C538212,1184,15895257,,L521R contributes to the symptoms of Dent's disease
MESH:C538212,1184,15895257,,L521R is associated with Dent's disease
MESH:C538212,1184,15895257,,L521R is evaluated in the study of Dent's disease
MESH:C538212,1184,15895257,,L521R is linked to kidney disorders related to Dent's disease
MESH:C538212,1184,15895257,,L521RfsX526 influences renal function in Dent's disease
MESH:C538212,1184,15895257,"caus,mutat",L521RfsX526 is a mutation causing Dent's disease
MESH:C538212,1184,15895257,mutat,L521RfsX526 is a type of CLCN5 mutation related to Dent's disease
MESH:C538212,1184,15895257,,L521RfsX526 is associated with Dent's disease
MESH:C538212,1184,15895257,caus,M517IfsX528 causes Dent's disease
MESH:C538212,1184,15895257,mutat,M517IfsX528 is a mutation associated with Dent's disease
MESH:C538212,1184,15895257,"disease-caus,mutat",M517IfsX528 is a type of Dent's disease-causing mutation
MESH:C538212,1184,15895257,,M517IfsX528 is associated with low-molecular weight proteinuria in Dent's disease
MESH:C538212,1184,15895257,lead,M517IfsX528 leads to kidney disorder in Dent's disease
MESH:C538212,1184,15895257,caus,R347X causes Dent's disease
MESH:C538212,1184,15895257,mutat,R347X is a mutation associated with Dent's disease
MESH:C538212,1184,15895257,channel,R516 W impacts ClC-5 channel function related to Dent's disease
MESH:C538212,1184,15895257,mutat,R516 W is a mutation associated with Dent's disease
MESH:C538212,1184,15895257,,R516 W is associated with Dent's disease
MESH:C538212,1184,15895257,,R648X is associated with Dent's disease
MESH:C538212,1184,15942052,,ClC-5 influences proteinuria in Dent's disease
MESH:C538212,1184,15942052,mutat,ClC-5 is mutated in Dent's disease patients
MESH:C538212,1184,15942052,defect,R704X contributes to defective targeting and trafficking in Dent's disease
MESH:C538212,1184,15942052,,R704X impairs normal endocytosis in Dent's disease
MESH:C538212,1184,15942052,,R704X is associated with Dent's disease
MESH:C538212,1184,15942052,,S520P contributes to the lack of normal endocytosis in Dent's disease
MESH:C538212,1184,15942052,,S520P is associated with Dent's disease
MESH:C538212,1184,15942052,defect,W22G has defective targeting and trafficking in Dent's disease
MESH:C538212,1184,15942052,,W22G is associated with Dent's disease
MESH:C538212,1184,15942052,defect,W22G is involved in the defective targeting and trafficking in Dent's disease
MESH:C538212,1184,15942052,defect,defective targeting of ClC-5 is a major determinant in lack of normal endocytosis in Dent's disease
MESH:C538212,1184,16034421,mutat,ClC-5 is mutated in Dent's disease
MESH:C538212,1184,16041495,,CLCN5 is associated with Dent's disease
MESH:C538212,1184,16041495,,CLCN5 is located in the X chromosome related to Dent's disease
MESH:C538212,1184,16041495,,CLCN5 plays a role in the pathology of Dent's disease
MESH:C538212,1184,16226913,,ClC-5 is associated with Dent's disease
MESH:C538212,1184,16226913,mutat,mutations in ClC-5 are linked to Dent's disease
MESH:C538212,1184,16247550,mutat,1070 G > T is a mutation associated with Dent's disease
MESH:C538212,1184,16247550,mutat,1070 G > T is a mutation in Dent's disease
MESH:C538212,1184,16247550,found,1070 G > T was found in a DD patient
MESH:C538212,1184,16247550,found,1070 G > T was found in one Dent's disease patient
MESH:C538212,1184,16247550,caus,CLCN5 causes Dent's disease
MESH:C538212,1184,16247550,,CLCN5 is associated with Dent's disease
MESH:C538212,1184,16247550,,CLCN5 is involved in Dent's disease
MESH:C538212,1184,16247550,,CLCN5 is related to nephrocalcinosis in Dent's disease
MESH:C538212,1184,16247550,"found,mutat",CLCN5 mutations are found in males affected by Dent's disease
MESH:C538212,1184,16247550,mutat,CLCN5 mutations are suggested to be present in Dent's disease patients
MESH:C538212,1184,16247550,,IVS11-67 C > T is a polymorphism associated with Dent's disease
MESH:C538212,1184,16247550,,IVS11-67 C > T is associated with Dent's disease
MESH:C538212,1184,16247550,,IVS11-67 C > T is detected in Dent's disease
MESH:C538212,1184,16247550,mutat,IVS11-67 C > T is linked to mutations in Dent's disease
MESH:C538212,1184,16247550,,IVS11-67 C > T is related to the prevalence of Dent's disease in patients
MESH:C538212,1184,16247550,mutat,IVS11-67 C > T may indicate a mutation related to Dent's disease
MESH:C538212,1184,16247550,found,IVS11-67 C > T was found in a patient with Dent's disease
MESH:C538212,1184,16247550,identifi,IVS11-67 C > T was identified in a study of Dent's disease
MESH:C538212,1184,16352917,,ClC-5 contributes to the pathophysiology of Dent's disease
MESH:C538212,1184,16352917,,ClC-5 is associated with Dent's disease
MESH:C538212,1184,16352917,,ClC-5 is involved in Dent's disease
MESH:C538212,1184,16429322,caus,CLCN5 causes Dent's disease
MESH:C538212,1184,16429322,"caus,mutat",CLCN5 mutations cause Dent's disease
MESH:C538212,1184,16429322,"caus,mutat",Mutations in CLCN5 cause Dent's disease
MESH:C538212,1184,16686597,,ClC-5 has been linked to Dent's disease
MESH:C538212,1184,16686597,"caus,mutat",ClC-5 has mutations that cause proteinuria associated with Dent's disease
MESH:C538212,1184,16686597,,ClC-5 is linked to Dent's disease
MESH:C538212,1184,16686597,mutat,ClC-5 mutations are associated with Dent's disease
MESH:C538212,1184,16686597,mutat,mutations in ClC-5 are linked to Dent's disease
MESH:C538212,1184,16801162,channel,CLCN-5 impairs kidney-specific chloride channel expression associated with Dent's disease
MESH:C538212,1184,16801162,"caus,mutat",CLCN-5 is caused by mutations in Dent's disease
MESH:C538212,1184,16801162,manifest,CLCN-5 is involved in the clinical manifestations of Dent's disease
MESH:C538212,1184,16822791,"del,phenotyp",267 del E contributes to phenotypic variability in Dent's disease
MESH:C538212,1184,16822791,"heterogen,del",267 del E contributes to the genetic heterogeneity of Dent's disease
MESH:C538212,1184,16822791,"del,mutat",267 del E is a mutation associated with Dent's disease
MESH:C538212,1184,16822791,del,267 del E is associated with Dent's disease
MESH:C538212,1184,16822791,del,267 del E is linked to the clinical features of Dent's disease
MESH:C538212,1184,16822791,"identifi,del,mutat",267 del E is one of the mutations identified in the study on Dent's disease
MESH:C538212,1184,16822791,"identifi,del",267 del E was identified in patients with Dent's disease
MESH:C538212,1184,16822791,"identifi,del,phenotyp",267 del E was identified in patients with a typical phenotype of Dent's disease
MESH:C538212,1184,16822791,mutat,CLCN5 gene is screened for mutations in Dent's disease patients
MESH:C538212,1184,16822791,,CLCN5 has a role in the clinical diagnosis of Dent's disease
MESH:C538212,1184,16822791,mutat,CLCN5 has mutations associated with Dent's disease
MESH:C538212,1184,16822791,"identifi,mutat",CLCN5 has mutations identified in several patients with Dent's disease
MESH:C538212,1184,16822791,,CLCN5 is associated with Dent's disease
MESH:C538212,1184,16822791,mutat,CLCN5 is mutated in Dent's disease
MESH:C538212,1184,16822791,"caus,mutat",CLCN5 mutations cause Dent's disease
MESH:C538212,1184,16822791,,CLCN5 was screened in patients with Dent's disease
MESH:C538212,1184,16822791,phenotyp,E6fsX11 contributes to phenotypic variability in Dent's disease
MESH:C538212,1184,16822791,"heterogen,phenotyp",E6fsX11 contributes to the phenotypic heterogeneity of Dent's disease
MESH:C538212,1184,16822791,,E6fsX11 is associated with Dent's disease
MESH:C538212,1184,16822791,"found,novel,mutat",E6fsX11 is one of the novel mutations found in Dent's disease
MESH:C538212,1184,16822791,identifi,E6fsX11 was identified in patients with Dent's disease
MESH:C538212,1184,16822791,"identifi,phenotyp",E6fsX11 was identified in patients with typical phenotype of Dent's disease
MESH:C538212,1184,16822791,heterogen,F444fsX448 contributes to the genetic heterogeneity of Dent's disease
MESH:C538212,1184,16822791,mutat,F444fsX448 is a mutation associated with Dent's disease
MESH:C538212,1184,16822791,mutat,F444fsX448 is a mutation in the CLCN5 gene associated with Dent's disease
MESH:C538212,1184,16822791,,F444fsX448 is linked to the clinical features of Dent's disease
MESH:C538212,1184,16822791,"novel,mutat",F444fsX448 is one of the novel CLCN5 mutations related to Dent's disease
MESH:C538212,1184,16822791,"identifi,novel,mutat",F444fsX448 is one of the novel mutations identified in Dent's disease
MESH:C538212,1184,16822791,identifi,F444fsX448 was identified in patients with Dent's disease
MESH:C538212,1184,16822791,heterogen,IVS3 +2 G>C contributes to the genetic heterogeneity of Dent's disease
MESH:C538212,1184,16822791,,IVS3 +2 G>C is associated with Dent's disease
MESH:C538212,1184,16822791,found,IVS3 +2 G>C is found in the CLCN5 gene related to Dent's disease
MESH:C538212,1184,16822791,"identifi,phenotyp",IVS3 +2 G>C is identified in patients with incomplete Dent's disease phenotype
MESH:C538212,1184,16822791,splice,IVS3 +2 G>C is linked to alternative splicing in Dent's disease
MESH:C538212,1184,16822791,,IVS3 +2 G>C was detected in patients with Dent's disease
MESH:C538212,1184,16822791,heterogen,IVS3 -1 G>A contributes to the genetic heterogeneity of Dent's disease
MESH:C538212,1184,16822791,,IVS3 -1 G>A is associated with Dent's disease
MESH:C538212,1184,16822791,"identifi,mutat",IVS3 -1 G>A is one of the identified mutations in Dent's disease
MESH:C538212,1184,16822791,identifi,IVS3 -1 G>A was identified in patients with Dent's disease
MESH:C538212,1184,16822791,"identifi,phenotyp",IVS3 -1 G>A was identified in patients with incomplete Dent's disease phenotype
MESH:C538212,1184,16822791,heterogen,N340K contributes to the genetic heterogeneity of Dent's disease
MESH:C538212,1184,16822791,mutat,N340K is a mutation associated with Dent's disease
MESH:C538212,1184,16822791,mutat,N340K is a mutation related to Dent's disease
MESH:C538212,1184,16822791,,N340K is linked to the CLCN5 gene related to Dent's disease
MESH:C538212,1184,16822791,"novel,mutat",N340K is one of the novel mutations in Dent's disease
MESH:C538212,1184,16822791,found,N340K was found in patients with Dent's disease
MESH:C538212,1184,16822791,identifi,N340K was identified in a patient with Dent's disease
MESH:C538212,1184,16822791,heterogen,Q600X contributes to the genetic heterogeneity of Dent's disease
MESH:C538212,1184,16822791,phenotyp,Q600X contributes to the phenotypic variability of Dent's disease
MESH:C538212,1184,16822791,mutat,Q600X is a mutation associated with Dent's disease
MESH:C538212,1184,16822791,"novel,mutat",Q600X is classified as a novel mutation in Dent's disease
MESH:C538212,1184,16822791,"novel,mutat",Q600X is one of the novel mutations in Dent's disease
MESH:C538212,1184,16822791,identifi,Q600X was identified in patients with Dent's disease
MESH:C538212,1184,16822791,heterogen,W547X contributes to the genetic heterogeneity of Dent's disease
MESH:C538212,1184,16822791,mutat,W547X is a mutation associated with Dent's disease
MESH:C538212,1184,16822791,mutat,W547X is a mutation in Dent's disease
MESH:C538212,1184,16822791,,W547X is associated with Dent's disease
MESH:C538212,1184,16822791,"found,novel,mutat",W547X is one of the novel CLCN5 mutations found in Dent's disease
MESH:C538212,1184,16822791,"novel,mutat",W547X is one of the novel mutations associated with Dent's disease
MESH:C538212,1184,16822791,"identifi,novel,mutat",W547X is one of the novel mutations identified in Dent's disease
MESH:C538212,1184,16822791,identifi,W547X was identified in patients with Dent's disease
MESH:C538212,1184,16822791,"identifi,phenotyp",W547X was identified in patients with typical phenotype of Dent's disease
MESH:C538212,1184,16822791,heterogen,W58fsX97 contributes to the genetic heterogeneity of Dent's disease
MESH:C538212,1184,16822791,phenotyp,W58fsX97 contributes to the phenotypic variability in Dent's disease
MESH:C538212,1184,16822791,,W58fsX97 is associated with Dent's disease
MESH:C538212,1184,16822791,,W58fsX97 is associated with the clinical features of Dent's disease
MESH:C538212,1184,16822791,identifi,W58fsX97 is identified in Dent's disease
MESH:C538212,1184,16822791,"identifi,novel,mutat",W58fsX97 is one of the novel mutations identified in Dent's disease
MESH:C538212,1184,16822791,identifi,W58fsX97 was identified in patients with Dent's disease
MESH:C538212,1184,16822791,"identifi,phenotyp",W58fsX97 was identified in patients with typical phenotype of Dent's disease
MESH:C538212,1184,16822791,,Y272C affects the CLCN5 gene related to Dent's disease
MESH:C538212,1184,16822791,heterogen,Y272C contributes to the genetic heterogeneity of Dent's disease
MESH:C538212,1184,16822791,phenotyp,Y272C contributes to the phenotypic variability of Dent's disease
MESH:C538212,1184,16822791,mutat,Y272C is a mutation associated with Dent's disease
MESH:C538212,1184,16822791,mutat,Y272C is a mutation in Dent's disease
MESH:C538212,1184,16822791,,Y272C is associated with Dent's disease
MESH:C538212,1184,16822791,"found,novel,mutat",Y272C is one of the novel mutations found in Dent's disease
MESH:C538212,1184,16822791,identifi,Y272C was identified in patients with Dent's disease
MESH:C538212,1184,17262170,,976delG contributes to renal tubulopathy associated with Dent's disease
MESH:C538212,1184,17262170,,976delG contributes to the pathology of Dent's disease
MESH:C538212,1184,17262170,,976delG is associated with Dent's disease
MESH:C538212,1184,17262170,identifi,976delG was identified in patients with Dent's disease
MESH:C538212,1184,17262170,,C219R is associated with Dent's disease
MESH:C538212,1184,17262170,identifi,C219R is identified in Dent's disease patients
MESH:C538212,1184,17262170,identifi,C219R is identified in patients with Dent's disease
MESH:C538212,1184,17262170,identifi,C219R was identified in Spanish Dent's disease patients
MESH:C538212,1184,17262170,,CLCN5 is a gene involved in Dent's disease
MESH:C538212,1184,17262170,,CLCN5 is a gene related to Dent's disease
MESH:C538212,1184,17262170,,CLCN5 is associated with Dent's disease
MESH:C538212,1184,17262170,mutat,CLCN5 mutations are implicated in Dent's disease
MESH:C538212,1184,17262170,"caus,mutat",CLCN5 mutations cause Dent's disease
MESH:C538212,1184,17262170,,F273L is associated with Dent's disease
MESH:C538212,1184,17262170,identifi,F273L is identified in patients with Dent's disease
MESH:C538212,1184,17262170,,IVS-2A > G contributes to the pathology of Dent's disease
MESH:C538212,1184,17262170,,IVS-2A > G is associated with Dent's disease
MESH:C538212,1184,17262170,found,IVS-2A > G is found in patients with Dent's disease
MESH:C538212,1184,17262170,identifi,IVS-2A > G is identified in patients with Dent's disease
MESH:C538212,1184,17262170,,IVS-2A > G is linked to renal tubulopathy in Dent's disease
MESH:C538212,1184,17262170,,IVS-2A > G may alter CLC-5 function related to Dent's disease
MESH:C538212,1184,17262170,"caus,mutat",Mutations in CLCN5 cause Dent's disease
MESH:C538212,1184,17262170,,W314X contributes to the pathology of Dent's disease
MESH:C538212,1184,17262170,,W314X is associated with Dent's disease
MESH:C538212,1184,17262170,identifi,W314X is identified in patients with Dent's disease
MESH:C538212,1184,17262170,mutat,W314X is one of seven new mutations related to Dent's disease
MESH:C538212,1184,17262170,,W547G is associated with Dent's disease
MESH:C538212,1184,17262170,identifi,W547G was identified in patients with Dent's disease
MESH:C538212,1184,17262170,,Y140X contributes to the development of Dent's disease
MESH:C538212,1184,17262170,,Y140X is associated with Dent's disease
MESH:C538212,1184,17262170,identifi,Y140X was identified in Dent's disease patients
MESH:C538212,1184,17262170,identifi,Y140X was identified in patients with Dent's disease
MESH:C538212,1184,17262170,"lead,mutat",mutations in CLCN5 lead to Dent's disease
MESH:C538212,1184,17384968,"found,mutat",CLCN5 mutations were not found in patients with Dent disease
MESH:C538212,1184,17384968,,CLCN5 was not implicated in Dent disease
MESH:C538212,1184,17384968,mutat,CLCN5 was ruled out for mutations in patients with Dent disease
MESH:C538212,1184,17384968,phenotyp,CLCN5 was ruled out in patients with Dent disease phenotype
MESH:C538212,1184,17872384,,CLC-5 is associated with Dent's disease
MESH:C538212,1184,17872384,,CLC-5 is involved in hypercalciuric nephrolithiasis
MESH:C538212,1184,17872384,"caus,mutat",CLC-5 mutations cause Dent's disease
MESH:C538212,1184,17872384,"caus,mutat",mutations of CLC-5 cause hypercalciuric nephrolithiasis
MESH:C538212,1184,17982249,mutat,CLCN5 gene analysis detected mutation in connection to Dent's disease
MESH:C538212,1184,17982249,,CLCN5 gene analysis was conducted for Dent's disease in the boy
MESH:C538212,1184,17982249,,CLCN5 is associated with Dent's disease
MESH:C538212,1184,17982249,famili,R637X indicates a familial link with Dent's disease
MESH:C538212,1184,17982249,mutat,R637X is a mutation linked to Dent's disease
MESH:C538212,1184,17982249,,R637X is associated with Dent's disease
MESH:C538212,1184,17982249,,R637X may contribute to the symptoms of Dent's disease
MESH:C538212,1184,17982249,,R637X was detected in his maternal cousin with Dent's disease
MESH:C538212,1184,18019214,caus,CLCN5 causes proximal tubular dysfunction in Dent's disease
MESH:C538212,1184,18019214,,CLCN5 is a gene associated with Dent's disease
MESH:C538212,1184,18019214,,CLCN5 is associated with proximal tubular dysfunction in Dent's disease
MESH:C538212,1184,18019214,,CLCN5 is involved in the pathogenesis of Dent's disease
MESH:C538212,1184,18019214,mutat,CLCN5 is mutated in Dent's disease
MESH:C538212,1184,18019214,,CLCN5 is related to nephrolithiasis in Dent's disease
MESH:C538212,1184,18019214,"caus,mutat",CLCN5 mutations cause Dent's disease
MESH:C538212,1184,18019214,"lead,mutat",CLCN5 mutations lead to end-stage renal disease in Dent's disease
MESH:C538212,1184,18019214,,CLCN5 plays a role in the pathogenesis of Dent's disease
MESH:C538212,1184,18025833,,CLCN5 affects endocytic machinery in Dent's disease
MESH:C538212,1184,18025833,caus,CLCN5 causes Dent's disease
MESH:C538212,1184,18025833,mutat,CLCN5 is mutated in Dent's disease
MESH:C538212,1184,18025833,"caus,mutat",CLCN5 mutations cause Dent's disease
MESH:C538212,1184,18025833,"loss-of-funct,phenotyp",CLCN5 shows loss-of-function phenotype in Dent's disease patients
MESH:C538212,1184,18025833,sequenc,CLCN5 was sequenced in a patient with Dent's disease
MESH:C538212,1184,18025833,mutat,G333R is a mutation associated with Dent's disease
MESH:C538212,1184,18025833,,G333R is associated with Dent's disease
MESH:C538212,1184,18025833,found,G333R was found in a patient with Dent's disease
MESH:C538212,1184,18025833,identifi,G333R was identified in a patient with Dent's disease
MESH:C538212,1184,18025833,"caus,novel,mutat,defect",novel G333R mutation in CLCN5 causes defective expression in Dent's disease
MESH:C538212,1184,18184518,,CLCN5 affects renal tubular function in Dent's disease
MESH:C538212,1184,18184518,caus,CLCN5 causes Dent's disease
MESH:C538212,1184,18184518,mutat,CLCN5 is mutated in Dent's disease
MESH:C538212,1184,18184518,mutat,CLCN5 is mutated in Dent's disease patients
MESH:C538212,1184,18184518,,L225P contributes to the pathogenesis of Dent's disease
MESH:C538212,1184,18184518,,L225P is associated with Dent's disease
MESH:C538212,1184,18184518,"report,mutat",L225P is one of the mutations reported in Dent's disease
MESH:C538212,1184,18184518,identifi,L225P was identified in a patient from South America with Dent's disease
MESH:C538212,1184,18184518,,Y502X affects the ClC-5 protein involved in Dent's disease
MESH:C538212,1184,18184518,,Y502X contributes to the development of Dent's disease
MESH:C538212,1184,18184518,mutat,Y502X is a mutation associated with Dent's disease
MESH:C538212,1184,18184518,,Y502X is associated with Dent's disease
MESH:C538212,1184,18184518,"report,novel,mutat",Y502X is reported as a novel mutation in Dent's disease
MESH:C538212,1184,18184518,"found,mutat",Y502X was found during mutational analysis of CLCN5 in Dent's disease patients
MESH:C538212,1184,18184518,identifi,Y502X was identified in a patient with Dent's disease
MESH:C538212,1184,18184518,"lead,mutat",mutation in CLCN5 leads to Dent's disease
MESH:C538212,1184,18322545,"lead,defici",CLCN5 deficiency leads to proximal tubule dysfunction in Dent's disease
MESH:C538212,1184,18322545,defici,CLCN5 deficient mice are a model for Dent's disease
MESH:C538212,1184,18322545,,CLCN5 is associated with Dent's disease
MESH:C538212,1184,18322545,,CLCN5 is studied in models of Dent's disease
MESH:C538212,1184,18322545,result,Lack of CLCN5 results in increased CAIII induction in Dent's disease
MESH:C538212,1184,18322545,result,Lack of CLCN5 results in type III carbonic anhydrase induction in Dent's disease
MESH:C538212,1184,18446382,,CLC-5 is associated with Dent's disease
MESH:C538212,1184,18446382,mutat,CLC-5 mutates in hypercalciuric nephrolithiasis
MESH:C538212,1184,18446382,"caus,mutat",CLC-5 mutations cause hypercalciuria in Dent's disease
MESH:C538212,1184,18931044,,CLCN5 affects kidney function in Dent's disease
MESH:C538212,1184,18931044,caus,CLCN5 causes Dent's disease
MESH:C538212,1184,18931044,,CLCN5 is associated with Dent's disease
MESH:C538212,1184,18931044,,CLCN5 is expressed in proximal tubules affected by Dent's disease
MESH:C538212,1184,18931044,,CLCN5 is involved in the pathology of Dent's disease
MESH:C538212,1184,18931044,molecular,CLCN5 is related to low molecular weight proteinuria in Dent's disease
MESH:C538212,1184,18931044,"caus,mutat",CLCN5 mutations cause Dent's disease
MESH:C538212,1184,19019917,"lead,mutat",CLCN5 mutations lead to Dent's disease
MESH:C538212,1184,19019917,defect,Functional defects in CLCN5 are associated with Dent's disease
MESH:C538212,1184,19019917,"lead,mutat",Mutations of CLCN5 lead to Dent's disease
MESH:C538212,1184,19076289,"caus,mutat",CLCN5 gene mutations cause Dent's disease
MESH:C538212,1184,19076289,"found,mutat",CLCN5 gene mutations were found in three Chinese boys with Dent's disease
MESH:C538212,1184,19076289,,CLCN5 is associated with Dent's disease
MESH:C538212,1184,19076289,mutat,L594fsX595 is a mutation associated with Dent's disease
MESH:C538212,1184,19076289,"novel,mutat",L594fsX595 is a novel mutation in Dent's disease
MESH:C538212,1184,19076289,"novel,mutat",L594fsX595 is a novel mutation in patients with Dent's disease
MESH:C538212,1184,19076289,,L594fsX595 is associated with Dent's disease
MESH:C538212,1184,19076289,mutat,L594fsX595 is one of the mutations of the CLCN5 gene related to Dent's disease
MESH:C538212,1184,19076289,found,L594fsX595 was found in three Chinese boys with Dent's disease
MESH:C538212,1184,19076289,,R467X contributes to the symptoms of Dent's disease
MESH:C538212,1184,19076289,mutat,R467X is a mutation associated with Dent's disease
MESH:C538212,1184,19076289,mutat,R467X is a mutation of Dent's disease
MESH:C538212,1184,19076289,,R467X is associated with Dent's disease
MESH:C538212,1184,19076289,molecular,R467X is associated with low molecular weight proteinuria and hypercalciuria in Dent's disease
MESH:C538212,1184,19076289,"found,mutat",R467X is one of the mutations found in Dent's disease
MESH:C538212,1184,19076289,"identifi,mutat",R467X is one of the mutations identified in patients with Dent's disease
MESH:C538212,1184,19076289,found,R467X was found in a patient with Dent's disease
MESH:C538212,1184,19076289,identifi,R467X was identified in three Chinese boys with Dent's disease
MESH:C538212,1184,19076289,phenotyp,R637X contributes to the phenotypic presentation of Dent's disease
MESH:C538212,1184,19076289,mutat,R637X is a mutation associated with Dent's disease
MESH:C538212,1184,19076289,,R637X is associated with Dent's disease
MESH:C538212,1184,19076289,"identifi,mutat",R637X is one of the identified mutations in patients with Dent's disease
MESH:C538212,1184,19076289,"identifi,mutat",R637X is one of the three mutations identified in Dent's disease
MESH:C538212,1184,19076289,found,R637X was found in a patient with Dent's disease
MESH:C538212,1184,19076289,found,R637X was found in three Chinese boys with Dent's disease
MESH:C538212,1184,19076289,mutat,Three mutations of CLCN5 were revealed in three Chinese boys with Dent's disease
MESH:C538212,1184,19390221,,CLCN5 is associated with Dent disease
MESH:C538212,1184,19390221,,CLCN5 is associated with Dent disease (Dent 1)
MESH:C538212,1184,19390221,"caus,mutat",CLCN5 mutations cause Dent disease
MESH:C538212,1184,19444483,caus,CLCN5 causes Dent's disease
MESH:C538212,1184,19444483,,CLCN5 is a gene associated with Dent's disease
MESH:C538212,1184,19444483,,CLCN5 is a gene linked to Dent's disease
MESH:C538212,1184,19444483,mutat,CLCN5 is mutated in Dent's disease
MESH:C538212,1184,19444483,"caus,mutat",CLCN5 mutations cause Dent's disease
MESH:C538212,1184,19546586,,1493delG is associated with Dent's disease
MESH:C538212,1184,19546586,"identifi,famili",1493delG was identified in Jewish Israeli families with Dent's disease
MESH:C538212,1184,19546586,mutat,409insC is a mutation associated with Dent's disease
MESH:C538212,1184,19546586,,409insC is associated with Dent's disease
MESH:C538212,1184,19546586,"identifi,famili",409insC was identified in Jewish Israeli families with Dent's disease
MESH:C538212,1184,19546586,,505delA is associated with Dent's disease
MESH:C538212,1184,19546586,"identifi,famili",505delA was identified in 7 families with Dent's disease
MESH:C538212,1184,19546586,"identifi,famili",505delA was identified in Jewish Israeli families with Dent's disease
MESH:C538212,1184,19546586,,CLCN5 is associated with Dent's disease
MESH:C538212,1184,19546586,"found,mutat",CLCN5 mutations are found in patients with Dent's disease
MESH:C538212,1184,19546586,"caus,mutat",CLCN5 mutations cause Dent's disease
MESH:C538212,1184,19546586,mutat,mutations in CLCN5 affect patients with Dent's disease
MESH:C538212,1184,19546586,"found,mutat",mutations in CLCN5 are found in about 60% of Dent's disease patients
MESH:C538212,1184,19546586,mutat,patients with CLCN5 mutations have Dent's disease
MESH:C538212,1184,19546591,,523delVal abolished CLC-5-mediated chloride conductance in patients with Dent's disease
MESH:C538212,1184,19546591,manifest,523delVal contributes to clinical manifestations of Dent's disease
MESH:C538212,1184,19546591,mutat,523delVal is a mutation associated with Dent's disease
MESH:C538212,1184,19546591,,523delVal is associated with Dent's disease
MESH:C538212,1184,19546591,"found,mutat",523delVal is one of the different CLC-5 mutations found in Dent's disease patients
MESH:C538212,1184,19546591,"lead,phenotyp",523delVal leads to phenotypic similarities in patients with Dent's disease
MESH:C538212,1184,19546591,identifi,523delVal was identified in patients with Dent's disease
MESH:C538212,1184,19546591,,523delVal was studied in the context of Dent's disease
MESH:C538212,1184,19546591,,Arg718Stop contributes to the development of Dent's disease
MESH:C538212,1184,19546591,,Arg718Stop contributes to the pathology of Dent's disease
MESH:C538212,1184,19546591,mutat,Arg718Stop is a mutation associated with Dent's disease
MESH:C538212,1184,19546591,,Arg718Stop is associated with Dent's disease
MESH:C538212,1184,19546591,found,Arg718Stop is found in patients with Dent's disease
MESH:C538212,1184,19546591,"identifi,mutat",Arg718Stop is identified as one of the CLC-5 mutations in Dent's disease
MESH:C538212,1184,19546591,identifi,Arg718Stop was identified in patients with Dent's disease
MESH:C538212,1184,19546591,,CLC-5 is a type of chloride/proton antiporter involved in Dent's disease
MESH:C538212,1184,19546591,"caus,mutat",CLC-5 is caused by mutations in Dent's disease
MESH:C538212,1184,19546591,mutat,investigated mutations in CLC-5 in patients with Dent's disease
MESH:C538212,1184,19546591,mutat,mutations in CLC-5 affect patients with Dent's disease
MESH:C538212,1184,19546591,"lead,mutat",mutations in CLC-5 lead to Dent's disease
MESH:C538212,1184,19546591,,nt930delTCinsA affects the function of CLC-5 in Dent's disease
MESH:C538212,1184,19546591,,nt930delTCinsA contributes to the genetic factors of Dent's disease
MESH:C538212,1184,19546591,,nt930delTCinsA contributes to the pathogenesis of Dent's disease
MESH:C538212,1184,19546591,mutat,nt930delTCinsA is a mutation associated with Dent's disease
MESH:C538212,1184,19546591,,nt930delTCinsA is associated with Dent's disease
MESH:C538212,1184,19546591,mutat,nt930delTCinsA is classified as a deletion-insertion mutation related to Dent's disease
MESH:C538212,1184,19546591,"found,mutat",nt930delTCinsA was found in one of the mutations studied in Dent's disease
MESH:C538212,1184,19546591,identifi,nt930delTCinsA was identified in patients with Dent's disease
MESH:C538212,1184,19546591,mutat,patients with CLC-5 mutations are diagnosed with Dent's disease
MESH:C538212,1184,19546591,"mutat,phenotyp",patients with CLC-5 mutations are phenotypically similar to those without Dent's disease
MESH:C538212,1184,19546591,"identifi,novel,mutat",three novel CLC-5 mutations were identified in patients with Dent's disease
MESH:C538212,1184,19582483,,CLCN5 is a gene affecting Dent's disease
MESH:C538212,1184,19582483,,CLCN5 is associated with Dent's disease
MESH:C538212,1184,19582483,,CLCN5 is involved in Dent's disease
MESH:C538212,1184,19582483,"caus,mutat",CLCN5 mutations cause Dent's disease
MESH:C538212,1184,19582483,"lead,defect",Defects in CLCN5 lead to Dent's disease
MESH:C538212,1184,19582483,"lead,mutat,phenotyp",mutation in CLCN5 leads to classical Dent's disease phenotype
MESH:C538212,1184,19657328,,C219R contributes to functional consequences in Dent's disease
MESH:C538212,1184,19657328,,C219R impairs chloride-proton exchanger function in Dent's disease
MESH:C538212,1184,19657328,"known,mutat",C219R is a known mutation in Dent's disease
MESH:C538212,1184,19657328,mutat,C219R is a type mutation linked to Dent's disease
MESH:C538212,1184,19657328,mutant,C219R is a type-II mutant in Dent's disease
MESH:C538212,1184,19657328,,C219R is associated with Dent's disease
MESH:C538212,1184,19657328,"known,mutat",C219R is categorized as a known mutation in Dent's disease
MESH:C538212,1184,19657328,"known,mutat",C219R is one of the known mutations in Dent's disease
MESH:C538212,1184,19657328,lead,C219R leads to improper N-glycosylation in Dent's disease
MESH:C538212,1184,19657328,result,C219R results in impaired ClC-5 function in Dent's disease
MESH:C538212,1184,19657328,caus,C221R causes impaired ClC-5 function in Dent's disease
MESH:C538212,1184,19657328,mutat,C221R is a type of mutation related to Dent's disease
MESH:C538212,1184,19657328,mutant,C221R is a type-II mutant in Dent's disease
MESH:C538212,1184,19657328,,C221R is associated with Dent's disease
MESH:C538212,1184,19657328,"known,mutat",C221R is one of the known mutations in Dent's disease
MESH:C538212,1184,19657328,lead,C221R leads to improper N-glycosylation in Dent's disease
MESH:C538212,1184,19657328,lead,C221R leads to retention in the endoplasmic reticulum in Dent's disease
MESH:C538212,1184,19657328,result,C221R results in impaired ClC-5 function in Dent's disease
MESH:C538212,1184,19657328,"known,identifi,mutat",C221R was identified as a known mutation in Dent's disease
MESH:C538212,1184,19657328,mutat,CLCN5 has mutations that impair ClC-5 function in Dent's disease
MESH:C538212,1184,19657328,,CLCN5 is associated with Dent's disease
MESH:C538212,1184,19657328,mutat,CLCN5 is involved in the functional consequences of mutations in Dent's disease
MESH:C538212,1184,19657328,,CLCN5 is linked to proximal tubules dysfunction in Dent's disease
MESH:C538212,1184,19657328,"lead,mutat",CLCN5 mutations can lead to altered ion currents in Dent's disease
MESH:C538212,1184,19657328,"lead,mutat",CLCN5 mutations lead to impaired exchanger processing in Dent's disease
MESH:C538212,1184,19657328,"result,mutat",CLCN5 mutations result in altered ion currents in Dent's disease
MESH:C538212,1184,19657328,,G179D impairs ClC-5 function in Dent's disease
MESH:C538212,1184,19657328,,G179D is associated with Dent's disease
MESH:C538212,1184,19657328,,G212A has a distinct mechanism to impair ClC-5 function in Dent's disease
MESH:C538212,1184,19657328,,G212A is associated with Dent's disease
MESH:C538212,1184,19657328,,L200R affects ion currents in Dent's disease
MESH:C538212,1184,19657328,caus,L200R causes impaired ClC-5 function in Dent's disease
MESH:C538212,1184,19657328,,L200R contributes to the symptoms of Dent's disease
MESH:C538212,1184,19657328,,L200R impairs ClC-5 function in Dent's disease
MESH:C538212,1184,19657328,mutat,L200R is a mutation in CLCN5 related to Dent's disease
MESH:C538212,1184,19657328,mutat,L200R is a type of mutation in CLCN5 linked to Dent's disease
MESH:C538212,1184,19657328,,L200R is associated with Dent's disease
MESH:C538212,1184,19657328,,L469P impairs ClC-5 function in Dent's disease
MESH:C538212,1184,19657328,"known,mutat",L469P is a known mutation in Dent's disease
MESH:C538212,1184,19657328,mutant,L469P is a type II mutant in Dent's disease
MESH:C538212,1184,19657328,,L469P is associated with Dent's disease
MESH:C538212,1184,19657328,result,L469P results in improper N-glycosylation in Dent's disease
MESH:C538212,1184,19657328,,R718X contributes to altered ion currents in Dent's disease
MESH:C538212,1184,19657328,,R718X contributes to impaired exchanger processing in Dent's disease
MESH:C538212,1184,19657328,,R718X impairs ClC-5 function in Dent's disease
MESH:C538212,1184,19657328,,R718X is associated with Dent's disease
MESH:C538212,1184,19657328,"nonsens,mutat",R718X is categorized as a nonsense mutation in Dent's disease
MESH:C538212,1184,19657328,"known,mutat",R718X is one of the known mutations in Dent's disease
MESH:C538212,1184,19657328,mutat,S203L is a mutation associated with Dent's disease
MESH:C538212,1184,19657328,,S203L is associated with Dent's disease
MESH:C538212,1184,19657328,mutant,S203L is classified as a type-II mutant in Dent's disease
MESH:C538212,1184,19657328,,S203L is improperly N-glycosylated in Dent's disease
MESH:C538212,1184,19657328,,S203L is retained in the endoplasmic reticulum in Dent's disease
MESH:C538212,1184,19657328,result,S203L results in impaired ClC-5 function in Dent's disease
MESH:C538212,1184,19713962,mutat,ClC-5 is mutated in Dent disease
MESH:C538212,1184,19806368,,CLCN5 is a gene involved in Dent's disease
MESH:C538212,1184,19806368,,CLCN5 is associated with Dent's disease
MESH:C538212,1184,19806368,"pathogen,mutat",CLCN5 mutation is pathogenic in Dent's disease
MESH:C538212,1184,19806368,"lead,mutat",CLCN5 mutation leads to nephrotic-range proteinuria in Dent's disease
MESH:C538212,1184,19806368,"lead,mutat",CLCN5 mutation leads to symptoms of Dent's disease
MESH:C538212,1184,19806368,caus,p.Asp727fs causes focal segmental glomerulosclerosis in Dent's disease
MESH:C538212,1184,19806368,mutat,p.Asp727fs is a mutation associated with Dent's disease
MESH:C538212,1184,19806368,"novel,mutat",p.Asp727fs is a novel mutation in Dent's disease
MESH:C538212,1184,19806368,,p.Asp727fs is associated with nephrotic-range proteinuria in Dent's disease
MESH:C538212,1184,19806368,,p.Asp727fs is linked to the CLCN5 gene in Dent's disease
MESH:C538212,1184,19806368,"found,mutat",p.Asp727fs is one of the mutations found in patients with Dent's disease
MESH:C538212,1184,19806368,pathogen,p.Asp727fs is pathogenic in Dent's disease
MESH:C538212,1184,19806368,,p.R648X contributes to focal segmental and/or global glomerulosclerosis in Dent's disease
MESH:C538212,1184,19806368,mutat,p.R648X is a mutation in Dent's disease
MESH:C538212,1184,19806368,"pathogen,mutat",p.R648X is a pathogenic mutation linked to Dent's disease
MESH:C538212,1184,19806368,mutat,p.R648X is a recurrent mutation associated with Dent's disease
MESH:C538212,1184,19806368,mutat,p.R648X is a recurrent mutation in Dent's disease
MESH:C538212,1184,19806368,"pathogen,mutat",p.R648X is classified as a pathogenic mutation related to Dent's disease
MESH:C538212,1184,19806368,"identifi,mutat",p.R648X is identified as a causal mutation for Dent's disease
MESH:C538212,1184,19806368,"identifi,manifest,atyp",p.R648X is identified in patients with atypical manifestations of Dent's disease
MESH:C538212,1184,19806368,pathogen,p.R648X is pathogenic in Dent's disease
MESH:C538212,1184,19806368,manifest,p.R648X manifests in patients with Dent's disease
MESH:C538212,1184,19806368,mutat,p.R648X mutates the CLCN5 gene related to Dent's disease
MESH:C538212,1184,19806368,"found,famili",p.R648X was found in families affected by Dent's disease
MESH:C538212,1184,19806368,,p.Trp122X contributes to nephrotic-range proteinuria in Dent's disease
MESH:C538212,1184,19806368,,p.Trp122X contributes to the symptoms of Dent's disease
MESH:C538212,1184,19806368,mutat,p.Trp122X is a causal mutation in Dent's disease
MESH:C538212,1184,19806368,mutat,p.Trp122X is a mutation associated with Dent's disease
MESH:C538212,1184,19806368,"pathogen,mutat",p.Trp122X is a pathogenic mutation in Dent's disease
MESH:C538212,1184,19806368,,p.Trp122X is associated with focal segmental glomerulosclerosis in Dent's disease
MESH:C538212,1184,19806368,"novel,mutat",p.Trp122X is categorized as a novel mutation in Dent's disease
MESH:C538212,1184,19806368,"identifi,pathogen",p.Trp122X is identified as pathogenic in Dent's disease
MESH:C538212,1184,19806368,mutat,p.Trp122X is one of the causal mutations in Dent's disease
MESH:C538212,1184,19806368,"identifi,mutat",p.Trp122X is one of the mutations identified in affected patients with Dent's disease
MESH:C538212,1184,19806368,,p.Trp122X is related to nephrotic-range proteinuria in Dent's disease
MESH:C538212,1184,19940036,,CLC-5 interacts with KIF3B in the context of Dent's disease
MESH:C538212,1184,19940036,,CLC-5 is associated with Dent's disease
MESH:C538212,1184,19940036,mutat,CLC-5 is due to mutations in Dent's disease
MESH:C538212,1184,19940036,,CLC-5 is expressed in renal tubules affected by Dent's disease
MESH:C538212,1184,19940036,,CLC-5 is related to Dent's disease
MESH:C538212,1184,19940036,,Loss of CLC-5 function alters receptor-mediated endocytosis in Dent's disease
MESH:C538212,1184,20049483,mutat,ClC-5 is mutated in Dent's disease-a kidney disease
MESH:C538212,1184,20430975,,ClC-5 underlies human Dent's disease
MESH:C538212,1184,20430975,,E211A is associated with Dent's disease
MESH:C538212,1184,20430975,found,E211A is found in mice models studying Dent's disease
MESH:C538212,1184,20430975,,E211A is involved in the mechanism of Dent's disease
MESH:C538212,1184,20430975,,E211A is related to Dent's disease
MESH:C538212,1184,20430975,,Loss of ClC-5 is associated with Dent's disease
MESH:C538212,1184,20513761,,CLC-5 is associated with Dent's disease
MESH:C538212,1184,20513761,lead,CLC-5 leads to Dent's disease
MESH:C538212,1184,20513761,"lead,mutat",CLC-5 mutations lead to Dent's disease
MESH:C538212,1184,20654030,mutat,CLCN5 gene revealed six mutations in patients with Dent's disease
MESH:C538212,1184,20654030,,CLCN5 is associated with Dent's disease
MESH:C538212,1184,20654030,"caus,mutat",CLCN5 mutations cause Dent's disease
MESH:C538212,1184,20654030,mutat,CLCN5 was analyzed for mutations in Dent's disease
MESH:C538212,1184,20654030,mutat,CLCN5 was analyzed for mutations in patients with Dent's disease
MESH:C538212,1184,20654030,,CLCN5 was analyzed in patients with Dent's disease
MESH:C538212,1184,20654030,,IVS4-2A > G is associated with Dent's disease
MESH:C538212,1184,20654030,"novel,mutat",IVS4-2A > G is characterized as a novel mutation in Dent's disease
MESH:C538212,1184,20654030,report,IVS4-2A > G is never reported before in patients with Dent's disease
MESH:C538212,1184,20654030,"found,mutat",IVS4-2A > G is one of the mutations found in the children with Dent's disease
MESH:C538212,1184,20654030,report,IVS4-2A > G was never reported before in relation to Dent's disease
MESH:C538212,1184,20654030,,IVS4-2A > G was revealed in 6 Chinese children with Dent's disease
MESH:C538212,1184,20654030,,IVS4-2A > G was revealed in the analysis of patients with Dent's disease
MESH:C538212,1184,20654030,report,L594fsX595 has never been reported before in Dent's disease
MESH:C538212,1184,20654030,mutat,L594fsX595 is a mutation associated with Dent's disease
MESH:C538212,1184,20654030,,L594fsX595 is associated with Dent's disease
MESH:C538212,1184,20654030,,L594fsX595 was revealed in 6 Chinese children with Dent's disease
MESH:C538212,1184,20654030,mutat,R467X is a mutation associated with Dent's disease
MESH:C538212,1184,20654030,"found,mutat",R467X is one of the mutations found in the CLCN5 gene linked to Dent's disease
MESH:C538212,1184,20654030,mutat,R467X is part of CLCN5 gene mutations linked to Dent's disease
MESH:C538212,1184,20654030,,R467X was revealed in 6 Chinese children with Dent's disease
MESH:C538212,1184,20654030,,R637X contributes to clinical features of Dent's disease
MESH:C538212,1184,20654030,mutat,R637X is a mutation associated with Dent's disease
MESH:C538212,1184,20654030,,R637X is associated with Dent's disease
MESH:C538212,1184,20654030,"identifi,mutat",R637X is one of the mutations identified in Dent's disease
MESH:C538212,1184,20654030,"identifi,mutat",R637X is one of the mutations identified in the CLCN5 gene related to Dent's disease
MESH:C538212,1184,20654030,,R637X was revealed in 6 Chinese children with Dent's disease
MESH:C538212,1184,20654030,,S244L contributes to clinical features of Dent's disease
MESH:C538212,1184,20654030,molecular,S244L contributes to low molecular weight proteinuria in Dent's disease
MESH:C538212,1184,20654030,mutat,S244L is a mutation associated with Dent's disease
MESH:C538212,1184,20654030,mutat,S244L is a mutation of CLCN5 gene associated with Dent's disease
MESH:C538212,1184,20654030,,S244L is linked to clinical features of Dent's disease
MESH:C538212,1184,20654030,"found,mutat",S244L is one of the mutations found in CLCN5 gene related to Dent's disease
MESH:C538212,1184,20654030,"found,mutat",S244L is one of the mutations found in Chinese children with Dent's disease
MESH:C538212,1184,20654030,,S244L may impact the severity of Dent's disease symptoms
MESH:C538212,1184,20654030,,S244L was revealed in children with Dent's disease
MESH:C538212,1184,20654030,,V505G contributes to the clinical features of Dent's disease
MESH:C538212,1184,20654030,report,V505G has been never reported before in relation to Dent's disease
MESH:C538212,1184,20654030,report,V505G has never been reported before in the context of Dent's disease
MESH:C538212,1184,20654030,,V505G is associated with Dent's disease
MESH:C538212,1184,20654030,,V505G was revealed in patients with Dent's disease
MESH:C538212,1184,20654030,mutat,mutations in CLCN5 are linked to clinical features of Dent's disease
MESH:C538212,1184,20654030,mutat,mutations in CLCN5 are present in children with Dent's disease
MESH:C538212,1184,20804101,,CLCN5 is associated with Dent's disease
MESH:C538212,1184,20804101,"caus,mutat",CLCN5 mutations cause Dent's disease
MESH:C538212,1184,20804101,caus,S244L causes proximal tubulopathy in Dent's disease
MESH:C538212,1184,20804101,mutat,S244L is a mutation associated with Dent's disease
MESH:C538212,1184,20804101,,S244L is associated with Dent's disease
MESH:C538212,1184,20804101,,S244L is linked to progressive renal damage in Dent's disease
MESH:C538212,1184,20804101,found,S244L was found in the mother of the patient with Dent's disease
MESH:C538212,1184,20804101,"identifi,mutat",S244L was identified in the mutation analysis for Dent's disease
MESH:C538212,1184,20936522,caus,CLCN5 causes Dent's disease in two-thirds of patients
MESH:C538212,1184,20936522,mutat,CLCN5 is mutated in two-thirds of patients with Dent's disease
MESH:C538212,1184,20946626,caus,CLCN5 causes Dent's disease 1
MESH:C538212,1184,20946626,,CLCN5 is associated with Dent's disease 1
MESH:C538212,1184,20946626,,CLCN5 is involved in the pathophysiology of Dent's disease
MESH:C538212,1184,20946626,mutat,CLCN5 mutations are associated with Dent's disease
MESH:C538212,1184,20946626,"caus,mutat",CLCN5 mutations cause Dent's disease
MESH:C538212,1184,20946626,"caus,mutat",mutations in CLCN5 cause Dent's disease
MESH:C538212,1184,21170884,,CLC5 is associated with Dent's disease
MESH:C538212,1184,21170884,,CLC5 is mentioned in relation to Dent's disease
MESH:C538212,1184,21173145,,Y617A is associated with Dent disease
MESH:C538212,1184,21173145,mutat,Y617A is mutated in Dent disease
MESH:C538212,1184,21305656,,CLCN5 is associated with ClC-5 dysfunction in Dent disease
MESH:C538212,1184,21305656,"lead,mutat",CLCN5 mutations lead to ClC-5 dysfunction in Dent disease
MESH:C538212,1184,21305656,"lead,mutat",mutations in CLCN5 lead to ClC-5 dysfunction in Dent disease
MESH:C538212,1184,21822997,,CLCN5 fulfills diagnostic criteria for Dent disease
MESH:C538212,1184,21822997,,CLCN5 is associated with Dent disease
MESH:C538212,1184,21859490,"lead,defect",CLCN5 gene defects lead to Dent's disease symptoms
MESH:C538212,1184,21859490,,CLCN5 gene is linked to proximal tubulopathy in Dent's disease
MESH:C538212,1184,21859490,"caus,mutat",CLCN5 gene mutation causes Dent's disease
MESH:C538212,1184,21859490,,CLCN5 is associated with Dent's disease
MESH:C538212,1184,21859490,,CLCN5 plays a role in renal function abnormalities in Dent's disease
MESH:C538212,1184,21859490,,S244L contributes to the symptoms of Dent's disease
MESH:C538212,1184,21859490,,S244L is associated with Dent's disease
MESH:C538212,1184,21859490,found,S244L is found in a boy with Dent's disease
MESH:C538212,1184,21859490,,S244L is involved in the genetic analysis related to Dent's disease
MESH:C538212,1184,21859490,,S244L is linked to proteinuria in Dent's disease
MESH:C538212,1184,21859490,occur,S244L occurs in a patient with Dent's disease
MESH:C538212,1184,21859490,mutat,S244L refers to a mutation on the CLCN5 gene linked to Dent's disease
MESH:C538212,1184,21932010,caus,CLCN5 causes Dent disease
MESH:C538212,1184,21932010,,CLCN5 is associated with Dent disease
MESH:C538212,1184,21932010,mutat,CLCN5 is mutated in Dent disease
MESH:C538212,1184,21932010,,CLCN5 was analyzed in a patient with Dent disease
MESH:C538212,1184,21932010,identifi,CLCN5 was identified in a patient with Dent disease
MESH:C538212,1184,21932010,"found,novel,mutat",Y567X is a novel mutation found in patients suffering from Dent disease
MESH:C538212,1184,21932010,,Y567X is associated with Dent disease
MESH:C538212,1184,21932010,,Y567X is linked to features of Bartter syndrome in Dent disease
MESH:C538212,1184,21932010,,Y567X is linked to kidney disease progression in Dent disease
MESH:C538212,1184,21932010,,Y567X is linked to progression to renal failure in Dent disease patients
MESH:C538212,1184,21932010,,Y567X may affect the progression of Dent disease
MESH:C538212,1184,21932010,,Y567X may contribute to features of Bartter syndrome in Dent disease
MESH:C538212,1184,21932010,identifi,Y567X was identified in a patient with Dent disease
MESH:C538212,1184,21955393,,CLCN5 affects renal function in Dent's syndrome
MESH:C538212,1184,21955393,,CLCN5 is associated with Dent's syndrome
MESH:C538212,1184,21955393,,S244L affects renal function in Dent's syndrome
MESH:C538212,1184,21955393,,S244L affects the evolution of Dent's syndrome
MESH:C538212,1184,21955393,"caus,defect",S244L causes a genetic defect in Dent's syndrome
MESH:C538212,1184,21955393,,S244L contributes to the symptoms of Dent's syndrome
MESH:C538212,1184,21955393,mutat,S244L is a mutation in Dent's syndrome
MESH:C538212,1184,21955393,famili,S244L is associated with four patients in a family with Dent's syndrome
MESH:C538212,1184,21955393,,S244L is associated with renal function in Dent's syndrome
MESH:C538212,1184,22083641,,CLCN5 dysfunction underlies Dent's disease
MESH:C538212,1184,22083641,,CLCN5 is a gene linked to Dent's disease
MESH:C538212,1184,22083641,,CLCN5 is associated with Dent's disease
MESH:C538212,1184,22083641,mutat,CLCN5 mutations are frequently associated with Dent's disease
MESH:C538212,1184,22083641,mutat,CLCN5 mutations can be divided into three different classes related to Dent's disease
MESH:C538212,1184,22083641,"caus,mutat",CLCN5 mutations cause Dent's disease
MESH:C538212,1184,22083641,mutat,CLCN5 mutations underlie the physiopathology of Dent's disease
MESH:C538212,1184,22083641,,CLCN5 plays a role in the physiopathology of Dent's disease
MESH:C538212,1184,22083641,,CLCN5 plays an important role in Dent's disease
MESH:C538212,1184,23047739,"atyp,phenotyp",A249fs*20 contributes to an atypical Dent's disease phenotype
MESH:C538212,1184,23047739,phenotyp,A249fs*20 contributes to the severe phenotype of Dent's disease
MESH:C538212,1184,23047739,"caus,mutat",A249fs*20 is a mutation causing Dent's disease
MESH:C538212,1184,23047739,,A249fs*20 is associated with Dent's disease
MESH:C538212,1184,23047739,inherit,A249fs*20 is associated with a digenic inheritance in Dent's disease
MESH:C538212,1184,23047739,found,A249fs*20 is found in patients with Dent's disease
MESH:C538212,1184,23047739,,CLCN5 contributes to the symptoms of Dent's disease
MESH:C538212,1184,23047739,"caus,mutat",CLCN5 has a mutation that causes Dent's disease
MESH:C538212,1184,23047739,mutat,CLCN5 has mutations associated with Dent's disease
MESH:C538212,1184,23047739,,CLCN5 is associated with Dent's disease
MESH:C538212,1184,23047739,,CLCN5 is linked to the severity of Dent's disease
MESH:C538212,1184,23047739,,CLCN5 is responsible for Dent's disease
MESH:C538212,1184,23047739,"caus,mutat",mutations in CLCN5 cause Dent's disease
MESH:C538212,1184,23211344,,ClC-5 involves loss of function in Dent's disease
MESH:C538212,1184,23211344,,ClC-5 is a protein involved in Dent's disease
MESH:C538212,1184,23211344,,ClC-5 is associated with Dent's disease
MESH:C538212,1184,23211344,,ClC-5 is essential for dimerization in membranes related to Dent's disease
MESH:C538212,1184,23211344,,ClC-5 was studied for mechanism in Dent's disease
MESH:C538212,1184,23211344,,L266V is associated with Dent's disease
MESH:C538212,1184,23211344,,L266V may be responsible for the development of Dent's disease
MESH:C538212,1184,23226131,,CLC-5 is associated with Dent's disease
MESH:C538212,1184,23566014,caus,C221R causes Dent's disease
MESH:C538212,1184,23566014,mutant,C221R is a mutant associated with Dent's disease
MESH:C538212,1184,23566014,caus,R718X causes Dent's disease
MESH:C538212,1184,23566014,,R718X is misprocessed in Dent's disease
MESH:C538212,1184,23566014,,R718X is targeted for proteasomal degradation in Dent's disease
MESH:C538212,1184,23723021,lead,ClC-5 disruption leads to Dent's disease
MESH:C538212,1184,23723021,,ClC-5 is involved in proteinuria linked to Dent's disease
MESH:C538212,1184,23723021,,ClC-5 is related to Dent's disease
MESH:C538212,1184,23723021,lead,Disruption of ClC-5 leads to Dent's disease
MESH:C538212,1184,23723021,,Mouse models with ClC-5 disruption exhibit Dent's disease
MESH:C538212,1184,24099800,caus,ClC-5 causes Dent's disease
MESH:C538212,1184,24099800,"caus,mutat",ClC-5 mutations cause Dent's disease
MESH:C538212,1184,24398869,mutat,CLCN5 contains a mutation in Dent's disease
MESH:C538212,1184,24398869,,CLCN5 is associated with Dent's disease
MESH:C538212,1184,24398869,,CLCN5 is related to nephrotic-range proteinuria in Dent's disease
MESH:C538212,1184,24398869,,CLCN5 plays a role in the pathophysiology of Dent's disease
MESH:C538212,1184,24398869,"identifi,mutat",Mutation in CLCN5 is identified in patients with Dent's disease
MESH:C538212,1184,24428215,mutat,CLCN5 has a mutation 246delG associated with Dent-1 disease
MESH:C538212,1184,24428215,,CLCN5 is associated with Dent-1 disease
MESH:C538212,1184,24428215,,CLCN5 is responsible for Dent-1 disease
MESH:C538212,1184,24428215,defect,Defect in Threonine (Thr) residue in position 83 contributes to the symptoms of Dent-1 disease
MESH:C538212,1184,24428215,manifest,Threonine (Thr) residue in position 83 contributes to clinical manifestations of Dent-1 disease
MESH:C538212,1184,24428215,,Threonine (Thr) residue in position 83 is associated with Dent-1 disease
MESH:C538212,1184,24428215,,Threonine (Thr) residue in position 83 is involved in the pathology of Dent-1 disease
MESH:C538212,1184,24428215,manifest,c. 246delG is associated with the clinical manifestations of Dent-1 disease
MESH:C538212,1184,24428215,"found,famili",c. 246delG is found in a Chinese family with Dent-1 disease
MESH:C538212,1184,24428215,,c. 246delG is responsible for Dent-1 disease
MESH:C538212,1184,24428215,identifi,c. 246delG was identified in a patient with Dent-1 disease
MESH:C538212,1184,24428215,delet,deletion at nucleotide 246 affects the CLCN5 gene associated with Dent-1 disease
MESH:C538212,1184,24428215,delet,deletion at nucleotide 246 is associated with Dent-1 disease
MESH:C538212,1184,24428215,"found,delet,famili",deletion at nucleotide 246 is found in a Chinese family with Dent-1 disease
MESH:C538212,1184,24428215,delet,deletion at nucleotide 246 is responsible for Dent-1 disease
MESH:C538212,1184,24428215,"result,manifest,delet",deletion at nucleotide 246 results in clinical manifestations of Dent-1 disease
MESH:C538212,1184,24428215,"identifi,delet",deletion at nucleotide 246 was identified in a patient with Dent-1 disease
MESH:C538212,1184,25001568,mutat,CLCN5 contains mutations linked to Dent disease
MESH:C538212,1184,25001568,,CLCN5 has genetic variability in the context of Dent disease
MESH:C538212,1184,25001568,,CLCN5 is associated with Dent disease 1
MESH:C538212,1184,25001568,,CLCN5 is essential for renal tubular epithelial function in Dent disease
MESH:C538212,1184,25001568,,CLCN5 plays a role in the pathogenesis of Dent disease 1
MESH:C538212,1184,25124980,,CLCN5 is associated with Dent's disease
MESH:C538212,1184,25124980,"caus,mutat",CLCN5 mutation causes Dent's disease
MESH:C538212,1184,25124980,"identifi,mutat",CLCN5 mutation identified in the Chinese boy with Dent's disease
MESH:C538212,1184,25124980,,CLCN5 was analyzed in a patient with Dent's disease
MESH:C538212,1184,25124980,identifi,CLCN5 was identified in a patient with Dent's disease
MESH:C538212,1184,25124980,,CLCN5 was revealed in a Chinese boy with Dent's disease
MESH:C538212,1184,25124980,,"IVS6, +2T>C contributes to the symptoms of Dent's disease"
MESH:C538212,1184,25124980,"previous,report","IVS6, +2T>C has not been reported previously in Dent's disease cases"
MESH:C538212,1184,25124980,"found,mutat","IVS6, +2T>C is a mutation found in Dent's disease"
MESH:C538212,1184,25124980,"novel,mutat","IVS6, +2T>C is a novel mutation of the CLCN5 gene related to Dent's disease"
MESH:C538212,1184,25124980,,"IVS6, +2T>C is associated with Dent's disease"
MESH:C538212,1184,25124980,,"IVS6, +2T>C is linked to proximal renal tubule dysfunction in Dent's disease"
MESH:C538212,1184,25124980,identifi,"IVS6, +2T>C was identified in a Chinese boy with Dent's disease"
MESH:C538212,1184,25124980,,"IVS6, +2T>C was revealed in a patient with Dent's disease"
MESH:C538212,1184,25443653,caus,ClC-5 causes Dent's disease
MESH:C538212,1184,25443653,"lead,mutat",ClC-5 mutations lead to Dent's disease
MESH:C538212,1184,25670966,confirm,CLCN5 confirms the diagnosis of Dent disease
MESH:C538212,1184,25670966,confirm,CLCN5 disruption confirms diagnosis of Dent disease
MESH:C538212,1184,25670966,,CLCN5 is associated with Dent disease
MESH:C538212,1184,25670966,,CLCN5 is involved in renal proximal tubulopathy associated with Dent disease
MESH:C538212,1184,25670966,,CLCN5 was disrupted in the patient with Dent disease
MESH:C538212,1184,26036722,caus,ClC-5 causes Dent's disease
MESH:C538212,1184,26036722,lead,ClC-5 dysfunction leads to Dent's disease
MESH:C538212,1184,26036722,,ClC-5 has a role in the pathophysiology of Dent's disease
MESH:C538212,1184,26036722,,ClC-5 is a transporter involved in Dent's disease
MESH:C538212,1184,26036722,,ClC-5 is associated with Dent's disease
MESH:C538212,1184,26036722,lead,ClC-5 is characterized by dysfunction leading to Dent's disease
MESH:C538212,1184,26036722,lead,Dysfunction of ClC-5 leads to Dent's disease
MESH:C538212,1184,26042048,,ClC-5 affects renal endocytosis and endosomal acidification in Dent's disease
MESH:C538212,1184,26042048,mutat,ClC-5 exhibits reduced ion currents in Dent's disease mutations
MESH:C538212,1184,26042048,,ClC-5 is associated with Dent's disease
MESH:C538212,1184,26042048,,ClC-5 plays a role in renal endocytosis related to Dent's disease
MESH:C538212,1184,26042048,mutat,E267A is a mutation of ClC-5 linked to Dent's disease
MESH:C538212,1184,26042048,,E267A is associated with Dent's disease
MESH:C538212,1184,26108450,mutat,CLCN5 has mutations in Dent disease
MESH:C538212,1184,26108450,,CLCN5 is associated with Dent disease
MESH:C538212,1184,26108450,,CLCN5 is related to Dent disease
MESH:C538212,1184,26108450,,CLCN5 plays a role in diagnosing Dent disease
MESH:C538212,1184,26108450,,CLCN5 was tested for Dent disease
MESH:C538212,1184,26370164,caus,1070G>T causes Dent's disease
MESH:C538212,1184,26370164,"found,mutat",1070G>T is a mutation found in patients with Dent's disease
MESH:C538212,1184,26370164,,1070G>T is associated with Dent's disease
MESH:C538212,1184,26370164,,1070G>T is linked to hemizygous patients in Dent's disease
MESH:C538212,1184,26370164,caus,CLCN5 causes low-molecular-weight proteinuria in Dent's disease
MESH:C538212,1184,26370164,"lead,defect",CLCN5 defects lead to low-molecular-weight proteinuria in Dent's disease
MESH:C538212,1184,26370164,,CLCN5 is associated with Dent's disease
MESH:C538212,1184,26370164,inherit,CLCN5 is inherited through an X-linked trait related to Dent's disease
MESH:C538212,1184,26370164,"lead,mutat",CLCN5 mutation leads to renal fibrosis in Dent's disease
MESH:C538212,1184,26370164,mutat,CLCN5 mutations are observed in hemizygous patients with Dent's disease
MESH:C538212,1184,26370164,,CLCN5 plays a role in low-molecular-weight proteinuria in Dent's disease
MESH:C538212,1184,26389017,,CLCN5 is associated with Dent disease
MESH:C538212,1184,26389017,"lead,mutat",CLCN5 mutation leads to nephrolithiasis in Dent disease patients
MESH:C538212,1184,26389017,mutat,CLCN5 mutations are present in approximately 25% of Dent disease patients
MESH:C538212,1184,26389017,"caus,mutat",CLCN5 mutations cause Dent disease
MESH:C538212,1184,26389017,"caus,mutat",CLCN5 mutations cause lower tubular reabsorption in Dent disease
MESH:C538212,1184,26389017,mutat,patients with CLCN5 mutations exhibit different clinical complications in Dent disease
MESH:C538212,1184,26389017,mutat,patients with CLCN5 mutations exhibit distinct symptoms of Dent disease
MESH:C538212,1184,27044412,caus,CLC-5 causes Dent's disease
MESH:C538212,1184,27044412,mutat,CLC-5 is mutated in Dent's disease
MESH:C538212,1184,27044412,,E211A induces Dent's disease
MESH:C538212,1184,27044412,,E211A induces Dent's disease in humans
MESH:C538212,1184,27044412,caus,E211Q causes Dent's disease
MESH:C538212,1184,27044412,,E211Q is related to the pathogenesis of Dent's disease
MESH:C538212,1184,27044412,mutant,E211Q mutant of CLC-5 induces Dent's disease in humans
MESH:C538212,1184,27044412,mutat,mutations in CLC-5 are associated with Dent's disease
MESH:C538212,1184,27044412,"lead,mutat,defect",mutations in CLC-5 lead to defective endocytosis in Dent's disease
MESH:C538212,1184,27117801,caus,CLCN5 causes Dent disease type 1
MESH:C538212,1184,27117801,,CLCN5 functional analysis helps understand Dent disease
MESH:C538212,1184,27117801,mutat,CLCN5 has frequent mutations related to Dent disease
MESH:C538212,1184,27117801,,CLCN5 is associated with Dent disease type 1
MESH:C538212,1184,27117801,mutat,CLCN5 is associated with mutations in Dent disease patients
MESH:C538212,1184,27117801,"caus,mutat",CLCN5 is caused by mutations in Dent disease
MESH:C538212,1184,27117801,,CLCN5 is studied for its role in Dent disease
MESH:C538212,1184,27117801,"result,mutat,defect",CLCN5 mutations result in functional defects related to Dent disease
MESH:C538212,1184,27117801,"identifi,mutat",R345W is a mutation identified in Dent disease patients
MESH:C538212,1184,27117801,,R345W is associated with Dent disease
MESH:C538212,1184,27117801,mutat,R345W is one of the mutations studied in Dent disease patients
MESH:C538212,1184,27117801,defect,S244L has functional defects in Dent disease
MESH:C538212,1184,27117801,mutat,S244L is a mutation associated with Dent disease
MESH:C538212,1184,27117801,"identifi,mutat",S244L is a mutation identified in Dent disease patients
MESH:C538212,1184,27117801,,S244L is associated with Dent disease
MESH:C538212,1184,27117801,identifi,S244L is identified in Dent disease patients
MESH:C538212,1184,27117801,,S244L is involved in trafficking abnormalities in Dent disease
MESH:C538212,1184,27117801,"caus,defect",T657S did not cause functional defects in Dent disease
MESH:C538212,1184,27117801,mutat,T657S is a genetic mutation associated with Dent disease
MESH:C538212,1184,27117801,,T657S is associated with Dent disease
MESH:C538212,1184,27117801,"caus,previous,pathogen",T657S was previously published as pathogenic to cause Dent disease
MESH:C538212,1184,27117801,,T657S was studied in Dent disease patients
MESH:C538212,1184,27117801,,function of CLCN5 is affected in Dent disease
MESH:C538212,1184,27117801,"identifi,mutat",mutations in CLCN5 are identified in Dent disease patients
MESH:C538212,1184,27117801,"caus,mutat",mutations in CLCN5 cause Dent disease
MESH:C538212,1184,27117801,"lead,mutat",mutations in CLCN5 lead to Dent disease
MESH:C538212,1184,27117801,,transport properties of CLC-5 are studied in Dent disease research
MESH:C538212,1184,27625851,,CLCN5 is associated with Dent's disease
MESH:C538212,1184,27625851,,V108fs is associated with Dent's disease
MESH:C538212,1184,27625851,pathogen,V108fs is possibly pathogenic for Dent's disease
MESH:C538212,1184,27625851,found,V108fs was found in patients with Dent's disease
MESH:C538212,1184,27625851,identifi,V108fs was identified in patients with Dent's disease
MESH:C538212,1184,27625851,,c.723+1G >T is associated with Dent's disease
MESH:C538212,1184,27625851,,c.723+1G >T is linked to the diagnosis of Dent's disease
MESH:C538212,1184,27625851,pathogen,c.723+1G >T is possibly pathogenic for Dent's disease
MESH:C538212,1184,27625851,found,c.723+1G >T was found in one of the patients with Dent's disease
MESH:C538212,1184,27625851,"caus,mutat",mutations in CLCN5 cause Dent's disease
MESH:C538212,1184,27625851,,p.G462S is associated with Dent's disease
MESH:C538212,1184,27625851,pathogen,p.G462S is possibly pathogenic for Dent's disease
MESH:C538212,1184,27625851,mutat,p.G466D is a mutation associated with Dent's disease
MESH:C538212,1184,27625851,,p.G466D is associated with Dent's disease
MESH:C538212,1184,27625851,"novel,mutat",p.G466D is one of the novel mutations linked to Dent's disease
MESH:C538212,1184,27625851,pathogen,p.G466D is possibly pathogenic for Dent's disease
MESH:C538212,1184,27625851,found,p.G466D was found in a patient with Dent's disease
MESH:C538212,1184,27625851,identifi,p.G466D was identified in patients with Dent's disease
MESH:C538212,1184,27625851,,p.G65R affects glycine residues in Dent's disease context
MESH:C538212,1184,27625851,mutat,p.G65R is a mutation associated with Dent's disease
MESH:C538212,1184,27625851,,p.G65R is associated with Dent's disease
MESH:C538212,1184,27625851,pathogen,p.G65R is classified as possibly pathogenic in Dent's disease
MESH:C538212,1184,27625851,mutat,p.G65R is one of the mutations linked to Dent's disease
MESH:C538212,1184,27625851,"pathogen,mutat",p.G65R is one of the seven new pathogenic mutations related to Dent's disease
MESH:C538212,1184,27625851,found,p.G65R was found in a patient with Dent's disease
MESH:C538212,1184,27625851,identifi,p.G65R was identified in patients with Dent's disease
MESH:C538212,1184,27625851,,p.P416fsX(* )17 contributes to the pathogenesis of Dent's disease
MESH:C538212,1184,27625851,mutat,p.P416fsX(* )17 is a mutation associated with Dent's disease
MESH:C538212,1184,27625851,"found,novel,mutat",p.P416fsX(* )17 is a novel mutation found in Dent's disease
MESH:C538212,1184,27625851,"pathogen,mutat",p.P416fsX(* )17 is classified as a pathogenic mutation in Dent's disease
MESH:C538212,1184,27625851,mutat,p.P416fsX(*)17 increases the spectrum of CLCN5 mutations related to Dent's disease
MESH:C538212,1184,27625851,,p.P416fsX(*)17 is associated with Dent's disease
MESH:C538212,1184,27625851,identifi,p.P416fsX(*)17 is identified in patients with Dent's disease
MESH:C538212,1184,27625851,,p.P416fsX(*)17 is linked to problems associated with Dent's disease
MESH:C538212,1184,27625851,"found,novel,mutat",p.P416fsX(*)17 is one of the novel mutations found in patients with Dent's disease
MESH:C538212,1184,27625851,,p.Y164(*) contributes to the pathogenesis of Dent's disease
MESH:C538212,1184,27625851,mutat,p.Y164(*) contributes to the spectrum of CLCN5 mutations related to Dent's disease
MESH:C538212,1184,27625851,,p.Y164(*) is associated with Dent's disease
MESH:C538212,1184,27625851,identifi,p.Y164(*) is identified in patients with Dent's disease
MESH:C538212,1184,27625851,"lead,manifest",p.Y164(*) may lead to clinical manifestations of Dent's disease
MESH:C538212,1184,27625851,,p.[H107P contributes to the pathogenesis of Dent's disease
MESH:C538212,1184,27625851,,p.[H107P contributes to the symptoms of Dent's disease
MESH:C538212,1184,27625851,"caus,mutat",p.[H107P is a mutation causing Dent's disease
MESH:C538212,1184,27625851,"pathogen,mutat",p.[H107P is a pathogenic mutation in Dent's disease
MESH:C538212,1184,27625851,,p.[H107P is associated with Dent's disease
MESH:C538212,1184,27625851,identifi,p.[H107P is identified in patients with Dent's disease
MESH:C538212,1184,27625851,"pathogen,novel,mutat",p.[H107P is one of the novel pathogenic mutations in Dent's disease
MESH:C538212,1184,27625851,"pathogen,novel,mutat",seven novel mutations in CLCN5 are possibly pathogenic in Dent's disease
MESH:C538212,1184,27625851,"identifi,mutat",thirteen distinct CLCN5 mutations were identified in patients with Dent's disease
MESH:C538212,1184,27699523,,CLCN5 is associated with Dent disease
MESH:C538212,1184,27699523,"lead,mutat",CLCN5 mutation leads to chronic kidney disease in Dent disease
MESH:C538212,1184,27699523,,c.1618G>C affects the chloride-proton exchanger CLC-5 related to Dent disease
MESH:C538212,1184,27699523,caus,c.1618G>C causes variability in disease severity in Dent disease
MESH:C538212,1184,27699523,mutat,c.1618G>C is a mutation associated with Dent disease
MESH:C538212,1184,27699523,"describ,novel,mutat",c.1618G>C is described as a novel mutation in Dent disease
MESH:C538212,1184,27699523,found,c.1618G>C is found in patients with Dent disease
MESH:C538212,1184,27699523,,c.1618G>C is linked to chronic kidney disease in Dent disease
MESH:C538212,1184,27699523,mutat,c.1618G>C is linked to mutations in the CLCN5 gene related to Dent disease
MESH:C538212,1184,27699523,lead,c.1618G>C leads to variable severity of renal disease in Dent disease
MESH:C538212,1184,27699523,describ,c.1618G>C was described in the context of Dent disease
MESH:C538212,1184,27699523,"identifi,famili",c.1618G>C was identified in a family with Dent disease
MESH:C538212,1184,27699523,"identifi,proband",c.1618G>C was identified in the proband with Dent disease
MESH:C538212,1184,27699523,"novel,mutat",p.Ala540Pro is a novel mutation associated with Dent disease
MESH:C538212,1184,27699523,,p.Ala540Pro is associated with Dent disease
MESH:C538212,1184,27699523,phenotyp,p.Ala540Pro is related to phenotypic variability of Dent disease
MESH:C538212,1184,27699523,"occur,famili",p.Ala540Pro occurs in an extended family with Dent disease
MESH:C538212,1184,27699523,occur,p.Ala540Pro occurs in the chloride-proton exchanger gene CLCN5 associated with Dent disease
MESH:C538212,1184,27699523,"identifi,proband",p.Ala540Pro was identified in the proband with Dent disease
MESH:C538212,1184,27757584,,CLCN5 is associated with Dent disease
MESH:C538212,1184,27757584,,CLCN5 is linked to tubular proteinuria in Dent disease
MESH:C538212,1184,27757584,"lead,mutat",CLCN5 mutations lead to proximal tubulopathy in Dent disease
MESH:C538212,1184,27757584,mutat,Patients with CLCN5 mutations are diagnosed with Dent disease
MESH:C538212,1184,27889724,"missens,mutat",CLCN5 has missense mutations in Dent Disease patients
MESH:C538212,1184,27889724,,CLCN5 is a gene related to the clinical features of Dent Disease
MESH:C538212,1184,27889724,,CLCN5 is associated with Dent Disease
MESH:C538212,1184,27889724,,p.Glu527Gln contributes to the clinical features of Dent Disease
MESH:C538212,1184,27889724,mutat,p.Glu527Gln is a mutation associated with Dent Disease
MESH:C538212,1184,27889724,identifi,p.Glu527Gln is identified in genetic testing for Dent Disease
MESH:C538212,1184,27889724,found,p.Glu527Gln was found in patients with Dent Disease
MESH:C538212,1184,27889724,,p.Gly57Arg is associated with Dent Disease
MESH:C538212,1184,27889724,,p.Gly57Arg is part of the genetic findings in Dent Disease patients
MESH:C538212,1184,27889724,identifi,p.Gly57Arg was identified in patients with Dent Disease
MESH:C538212,1184,27889724,phenotyp,p.Leu729X contributes to the phenotype of Dent Disease
MESH:C538212,1184,27889724,report,p.Leu729X has not been reported outside the Indian subcontinent in relation to Dent Disease
MESH:C538212,1184,27889724,mutat,p.Leu729X is a mutation associated with Dent Disease
MESH:C538212,1184,27889724,,p.Leu729X is associated with Dent Disease
MESH:C538212,1184,27889724,"found,missens,nonsens,mutat",p.Leu729X is one of the missense or nonsense mutations in CLCN5 found in Dent Disease
MESH:C538212,1184,27889724,phenotyp,p.Leu729X is one of the variations that contributes to the phenotype of Dent Disease
MESH:C538212,1184,27889724,,p.Leu729X was discovered during genetic testing for Dent Disease
MESH:C538212,1184,27889724,found,p.Leu729X was found in patients diagnosed with Dent Disease
MESH:C538212,1184,27889724,identifi,p.Leu729X was identified in patients with Dent Disease
MESH:C538212,1184,27889724,identifi,p.Leu729X was identified through genetic testing for Dent Disease
MESH:C538212,1184,28101447,,CLC-5 is associated with Dent's disease
MESH:C538212,1184,28101447,,CLC-5 is involved in renal tubulopathy in Dent's disease
MESH:C538212,1184,28101447,"caus,mutat",CLC-5 mutations cause Dent's disease
MESH:C538212,1184,28101447,,CLC-5 plays a role in endocytosis related to Dent's disease
MESH:C538212,1184,28101447,confirm,functional analysis of CLC-5 confirmed the role in Dent's disease
MESH:C538212,1184,28509186,,CLCN5 is associated with adult Dent disease
MESH:C538212,1184,28509186,,CLCN5 is involved in the pathogenesis of adult Dent disease
MESH:C538212,1184,28509186,mutat,CLCN5 mutated in adult Dent disease
MESH:C538212,1184,29058463,,CLCN5 is associated with Dent's disease
MESH:C538212,1184,29058463,mutat,CLCN5 mutations are related to the biochemical effects in Dent's disease
MESH:C538212,1184,29391272,caus,CLCN5 causes Dent's disease
MESH:C538212,1184,29391272,encod,CLCN5 encodes protein related to Dent's disease
MESH:C538212,1184,29391272,,CLCN5 is associated with Dent's disease
MESH:C538212,1184,29391272,"caus,mutat",CLCN5 mutations cause Dent's disease
MESH:C538212,1184,29391272,"lead,mutat",Mutations in CLCN5 lead to Dent's disease
MESH:C538212,1184,29391272,"caus,mutat",mutation p.(Arg98*) in CLCN5 causes Dent's disease
MESH:C538212,1184,29756720,"lead,defici",CLCN5 deficiency leads to Dent's disease symptoms
MESH:C538212,1184,29756720,,CLCN5 is associated with Dent's disease
MESH:C538212,1184,29756720,"caus,mutat",CLCN5 mutations cause Dent's disease
MESH:C538212,1184,30094009,caus,CLCN5 causes Dent's disease
MESH:C538212,1184,30094009,,CLCN5 is a variant in Dent's disease
MESH:C538212,1184,30094009,,CLCN5 is associated with nephrocalcinosis in Dent's disease
MESH:C538212,1184,30101934,caus,1348-1G>A caused Dent disease
MESH:C538212,1184,30101934,caus,CLCN5 causes Dent disease
MESH:C538212,1184,30101934,,CLCN5 is linked to the prevalence of osteomalacia in Dent disease
MESH:C538212,1184,30101934,mutat,CLCN5 mutates in Dent disease
MESH:C538212,1184,30426109,caus,CLCN5 causes Dent's disease
MESH:C538212,1184,30426109,,CLCN5 is associated with Dent's disease
MESH:C538212,1184,30426109,,CLCN5 is implicated in podocyte dysfunction in Dent's disease
MESH:C538212,1184,30426109,"caus,mutat",CLCN5 mutation causes Dent's disease
MESH:C538212,1184,30426109,mutat,CLCN5 mutation is present in Dent's disease patients
MESH:C538212,1184,30426109,"lead,mutat",CLCN5 mutation leads to Dent's disease
MESH:C538212,1184,30426109,,CLCN5 plays a role in Dent's disease pathology
MESH:C538212,1184,30581818,caus,CLCN5 causes Dent disease 1
MESH:C538212,1184,30581818,,CLCN5 is a gene involved in Dent disease 1
MESH:C538212,1184,30581818,,CLCN5 is associated with Dent disease 1
MESH:C538212,1184,30581818,"lead,mutat",CLCN5 mutations lead to Dent disease 1
MESH:C538212,1184,30630535,"caus,phenotyp",CLCN5 causes specific renal phenotype in Dent disease
MESH:C538212,1184,30630535,phenotyp,CLCN5 explains the renal phenotype observed in patients with Dent disease
MESH:C538212,1184,30630535,,CLCN5 is affected in patients with Dent disease
MESH:C538212,1184,30630535,,CLCN5 is associated with Dent disease
MESH:C538212,1184,30630535,phenotyp,CLCN5 is associated with specific renal phenotype in Dent disease
MESH:C538212,1184,30630535,,CLCN5 is involved in Dent disease
MESH:C538212,1184,30630535,,CLCN5 is involved in the pathology of Dent disease
MESH:C538212,1184,30630535,"caus,mutat",CLCN5 mutation causes Dent disease
MESH:C538212,1184,30630535,"caus,mutat,phenotyp",CLCN5 mutations cause the renal phenotype in Dent disease
MESH:C538212,1184,30630535,"found,delet",CLCN5 was found deleted in the patient with Dent disease
MESH:C538212,1184,30630535,identifi,CLCN5 was identified in a patient with Dent disease
MESH:C538212,1184,31687264,mutat,c.416-2A > G is a mutation associated with Dent Disease
MESH:C538212,1184,31687264,identifi,c.416-2A > G was identified in a patient with Dent Disease
MESH:C538212,1184,32231453,mutat,CLCN5 has mutations in Type 1 Dent disease
MESH:C538212,1184,32231453,,CLCN5 is associated with Type 1 Dent disease
MESH:C538212,1184,32231453,mutat,CLCN5 mutation analysis shows specific mutations related to Type 1 Dent disease
MESH:C538212,1184,32231453,"caus,mutat",CLCN5 mutation causes Type 1 Dent disease
MESH:C538212,1184,32231453,,CLCN5 plays a role in the development of Type 1 Dent disease
MESH:C538212,1184,32231453,,c.328_330delT contributes to the diagnosis of Type 1 Dent disease
MESH:C538212,1184,32231453,"confirm,mutat",c.328_330delT has been confirmed by mutation analysis for Type 1 Dent disease
MESH:C538212,1184,32231453,,c.328_330delT has been linked to the diagnosis of Type 1 Dent disease
MESH:C538212,1184,32231453,"caus,mutat",c.328_330delT is a mutation causing Type 1 Dent disease
MESH:C538212,1184,32231453,,c.328_330delT is associated with Type 1 Dent disease
MESH:C538212,1184,32231453,lead,c.328_330delT leads to isolated persistent proteinuria in patients with Type 1 Dent disease
MESH:C538212,1184,32231453,identifi,c.328_330delT was identified in a patient diagnosed with Type 1 Dent disease
MESH:C538212,1184,32289351,,C1C-5 is linked to proximal tubulopathy Dent disease
MESH:C538212,1184,32289351,,CLCN5 is associated with tubulopathy Dent disease
MESH:C538212,1184,32289351,,CLCN5 is involved in tubulopathy Dent disease
MESH:C538212,1184,32495484,"result,phenotyp",CLCN5 can result in phenotypic features of Dent-1 disease
MESH:C538212,1184,32495484,,CLCN5 is associated with Dent-1 disease
MESH:C538212,1184,32495484,manifest,CLCN5 is linked to renal manifestations in Dent-1 disease
MESH:C538212,1184,32495484,mutat,Patients with CLCN5 mutations have Dent-1 disease
MESH:C538212,1184,32533415,,CLCN5 is associated with Dent's disease
MESH:C538212,1184,32533415,,CLCN5 is involved in Dent's disease
MESH:C538212,1184,33545640,lead,CLCN5 can lead to X-linked Dent disease (X-Dent)
MESH:C538212,1184,33545640,,CLCN5 is associated with X-linked Dent disease (X-Dent)
MESH:C538212,1184,33545640,,CLCN5 is involved in X-linked Dent disease (X-Dent)
MESH:C538212,1184,33545640,,CLCN5 is involved in the pathophysiology of X-Dent
MESH:C538212,1184,33545640,mutat,CLCN5 mutations affect patients with X-Dent
MESH:C538212,1184,33545640,,c.2152C > T affects patients with X-Dent
MESH:C538212,1184,33545640,caus,c.2152C > T causes X-Dent
MESH:C538212,1184,33545640,,c.2152C > T contributes to the disease X-Dent
MESH:C538212,1184,33545640,mutat,c.2152C > T is a hemizygous mutation in patients with X-Dent
MESH:C538212,1184,33545640,mutat,c.2152C > T is a mutation associated with X-Dent
MESH:C538212,1184,33545640,mutat,c.2152C > T is a mutation in CLCN5 gene related to X-Dent
MESH:C538212,1184,33545640,,c.2152C > T is associated with X-Dent
MESH:C538212,1184,33545640,,c.2152C > T is linked to X-linked Dent disease
MESH:C538212,1184,33545640,inherit,c.2152C > T is linked to inheritance of X-Dent
MESH:C538212,1184,33545640,lead,c.2152C > T leads to X-Dent
MESH:C538212,1184,33545640,occur,c.2152C > T occurs in the CLCN5 gene related to X-Dent
MESH:C538212,1184,33545640,"lead,mutat",hemizygous CLCN5 gene mutation leads to X-linked Dent disease (X-Dent)
MESH:C538212,1184,33545640,"caus,mutat",p.R718* is a mutation causing X-linked Dent disease (X-Dent)
MESH:C538212,1184,33545640,,p.R718* is associated with X-linked Dent disease (X-Dent)
MESH:C538212,1184,33545640,occur,p.R718* occurs in a 4-year-old male X-Dent patient
MESH:C538212,1184,33545640,result,p.R718* results in hemizygous condition in X-Dent patients
MESH:C538212,1184,33545640,found,p.R718* was found in a patient with X-Dent
MESH:C538212,1184,34547705,,CLCN5 is associated with X-linked Dent disease
MESH:C538212,1184,34547705,,CLCN5 is involved in the pathology of X-linked Dent disease
MESH:C538212,1184,34547705,"lead,mutat",CLCN5 mutation leads to X-linked Dent disease
MESH:C538212,1184,34547705,caus,c. 829A > C causes X-linked Dent disease
MESH:C538212,1184,34547705,,c. 829A > C is associated with X-linked Dent disease
MESH:C538212,1184,34547705,mutat,c. 829A > C is linked to the mutation in CLCN5 gene related to X-linked Dent disease
MESH:C538212,1184,34547705,occur,c. 829A > C occurs in patients with X-linked Dent disease
MESH:C538212,1184,34547705,"caus,mutat",mutation in CLCN5 causes X-linked Dent disease
MESH:C538212,1184,34547705,,p. T277P affects the CLCN5 gene related to X-linked Dent disease
MESH:C538212,1184,34547705,caus,p. T277P causes X-linked Dent disease
MESH:C538212,1184,34547705,mutat,p. T277P is a mutation associated with X-linked Dent disease
MESH:C538212,1184,34547705,,p. T277P is associated with X-linked Dent disease
MESH:C538212,1184,34547705,found,p. T277P is found in patients with X-linked Dent disease
MESH:C538212,1184,35100899,,CLCN5 affects renal expression in Dent-1 Disease
MESH:C538212,1184,35100899,mutat,CLCN5 has mutations associated with Dent-1 Disease
MESH:C538212,1184,35100899,mutat,CLCN5 has mutations in Dent-1 Disease patients
MESH:C538212,1184,35100899,,CLCN5 is associated with Dent-1 Disease
MESH:C538212,1184,35100899,,CLCN5 is expressed in patients with Dent-1 Disease
MESH:C538212,1184,35100899,,CLCN5 is involved in the pathophysiology of Dent-1 Disease
MESH:C538212,1184,35738466,,CLCN5 contributes to the pathophysiology of Dent disease
MESH:C538212,1184,35738466,,CLCN5 has variants linked to Dent disease
MESH:C538212,1184,35738466,,CLCN5 is a gene associated with Dent disease
MESH:C538212,1184,35738466,,CLCN5 is linked to the pathogenesis of Dent disease
MESH:C538212,1184,35738466,,CLCN5 is related to Dent disease
MESH:C538212,1184,35738466,,CLCN5 plays a role in Dent disease
MESH:C538212,1184,36284768,,CLCN5 affects kidney function in Type 1 Dent disease
MESH:C538212,1184,36284768,caus,CLCN5 causes Type 1 Dent disease
MESH:C538212,1184,36284768,,CLCN5 is associated with Type 1 Dent disease
MESH:C538212,1184,36284768,,CLCN5 is linked to proteinuria and hypercalciuria in Type 1 Dent disease
MESH:C538212,1184,36578800,,CLCN5 is a gene related to X-linked Dent Disease
MESH:C538212,1184,36578800,,CLCN5 is associated with X-linked Dent Disease
MESH:C538212,1184,36578800,"lead,mutat",CLCN5 mutation leads to renal dysfunction in X-linked Dent Disease
MESH:C538212,1184,36578800,,CLCN5 plays a role in renal function related to X-linked Dent Disease
MESH:C538212,1184,36578800,caus,c.2152C>T causes renal dysfunction related to X-linked Dent Disease
MESH:C538212,1184,36578800,confirm,c.2152C>T confirms X-linked Dent Disease
MESH:C538212,1184,36578800,confirm,c.2152C>T confirms the diagnosis of X-linked Dent Disease
MESH:C538212,1184,36578800,pathogen,c.2152C>T is a pathogenic variant in X-linked Dent Disease
MESH:C538212,1184,36578800,,c.2152C>T is a variant associated with X-linked Dent Disease
MESH:C538212,1184,36578800,pathogen,c.2152C>T is classified as a pathogenic variant for X-linked Dent Disease
MESH:C538212,1184,36578800,,c.2152C>T is linked to renal dysfunction in X-linked Dent Disease
MESH:C538212,1184,36578800,,c.2152C>T is located in the CLCN5 gene associated with X-linked Dent Disease
MESH:C538212,1184,36578800,identifi,c.2152C>T was identified in a patient with X-linked Dent Disease
MESH:C538212,1184,36578800,confirm,p.Arg718* confirms the diagnosis of X-linked Dent Disease
MESH:C538212,1184,36578800,pathogen,p.Arg718* is a pathogenic variant in X-linked Dent Disease
MESH:C538212,1184,36578800,,p.Arg718* is associated with X-linked Dent Disease
MESH:C538212,1184,36578800,basi,p.Arg718* is involved in the genetic basis of X-linked Dent Disease
MESH:C538212,1184,36646056,,CLCN5 is associated with Dent's disease
MESH:C538212,1184,36646056,,CLCN5 is implicated in the pathogenesis of Dent's disease
MESH:C538212,1184,36646056,,CLCN5 is linked to proteinuria in Dent's disease
MESH:C538212,1184,36646056,mutat,CLCN5 mutations are present in 60% of patients with Dent's disease
MESH:C538212,1184,36646056,"caus,mutat",CLCN5 mutations cause Dent's disease
MESH:C538212,1184,36646056,"identifi,mutat",CLCN5 mutations were identified in patients with Dent's disease
MESH:C538212,1184,36646056,,c.100C>T contributes to proteinuria in Dent's disease
MESH:C538212,1184,36646056,,c.100C>T contributes to the symptoms of Dent's disease
MESH:C538212,1184,36646056,,c.100C>T is associated with Dent's disease
MESH:C538212,1184,36646056,"nonsens,mutat",c.100C>T is categorized as a nonsense mutation related to Dent's disease
MESH:C538212,1184,36646056,identifi,c.100C>T is identified in Iranian patients with Dent's disease
MESH:C538212,1184,36646056,caus,c.1241_1242dupAA contributes to the genetic causes of Dent's disease
MESH:C538212,1184,36646056,"expand,mutat",c.1241_1242dupAA expands the spectrum of CLCN5 mutations in Dent's disease
MESH:C538212,1184,36646056,,c.1241_1242dupAA is associated with Dent's disease
MESH:C538212,1184,36646056,"found,novel,mutat",c.1241_1242dupAA is one of the novel mutations found in Dent's disease
MESH:C538212,1184,36646056,identifi,c.1241_1242dupAA was identified in Iranian patients with Dent's disease
MESH:C538212,1184,36646056,,c.731C>T contributes to proteinuria in Dent's disease
MESH:C538212,1184,36646056,,c.731C>T contributes to the symptoms of Dent's disease
MESH:C538212,1184,36646056,,c.731C>T is associated with Dent's disease
MESH:C538212,1184,36646056,identifi,c.731C>T was identified in patients with Dent's disease
MESH:C538212,1184,36646056,,c.805-2A>G contributes to the clinical features of Dent's disease
MESH:C538212,1184,36646056,"expand,mutat",c.805-2A>G expands the spectrum of CLCN5 mutations related to Dent's disease
MESH:C538212,1184,36646056,,c.805-2A>G is associated with Dent's disease
MESH:C538212,1184,36646056,identifi,c.805-2A>G was identified in Iranian patients with Dent's disease
MESH:C538212,1184,36646056,"caus,mutat",mutations in CLCN5 cause Dent's disease
MESH:C538212,1184,36646056,,study of CLCN5 was conducted for Iranian patients with Dent's disease
MESH:C538212,1184,36674829,,CLCN5 expression is down-regulated in Tubulopathy Dent Disease
MESH:C538212,1184,36674829,,CLCN5 functions in podocytes related to Tubulopathy Dent Disease
MESH:C538212,1184,36674829,,CLCN5 is associated with Tubulopathy Dent Disease
MESH:C538212,1184,36674829,"caus,mutat",CLCN5 is caused by mutations in Tubulopathy Dent Disease
MESH:C538212,1184,36674829,mutat,CLCN5 is mutated in Tubulopathy Dent Disease
MESH:C538212,1184,36674829,"caus,mutat",CLCN5 mutations cause Tubulopathy Dent Disease
MESH:C538212,1184,36674829,,CLCN5 shows expression in human podocytes affected by Tubulopathy Dent Disease
MESH:C538212,1184,36674829,,loss of CLCN5 might be a consequence of glomerular damage in Tubulopathy Dent Disease
MESH:C538212,1184,36674829,,p.(R34Efs*14) affects podocyte function in Tubulopathy Dent Disease
MESH:C538212,1184,36674829,basi,p.(R34Efs*14) demonstrates the genetic basis of Tubulopathy Dent Disease
MESH:C538212,1184,36674829,mutat,p.(R34Efs*14) is a mutation related to Tubulopathy Dent Disease
MESH:C538212,1184,36688186,,CLCN5 gene is associated with Dent's disease
MESH:C538212,1184,36688186,,CLCN5 is associated with proximal tubulopathy in Dent's disease
MESH:C538212,1184,36688186,mutat,CLCN5 is mutated in Dent's disease
MESH:C538212,1184,36688186,"lead,mutat",CLCN5 mutation leads to kidney failure in Dent's disease patients
MESH:C538212,1184,36688186,,CLCN5 plays a role in the pathogenesis of Dent's disease
MESH:C538212,1184,36688186,confirm,c.810C>G confirms the diagnosis of Dent's disease
MESH:C538212,1184,36688186,"identifi,famili",c.810C>G has been identified in families affected by Dent's disease
MESH:C538212,1184,36688186,"missens,mutat",c.810C>G is a missense mutation in the CLCN5 gene related to Dent's disease
MESH:C538212,1184,36688186,mutat,c.810C>G is a mutation associated with Dent's disease
MESH:C538212,1184,36688186,mutat,c.810C>G is a mutation in CLCN5 gene associated with Dent's disease
MESH:C538212,1184,36688186,found,c.810C>G is found in genes related to Dent's disease
MESH:C538212,1184,36688186,,c.810C>G is linked to nephrolithiasis and proteinuria in Dent's disease
MESH:C538212,1184,36688186,,c.810C>G is linked to proximal tubulopathy in Dent's disease
MESH:C538212,1184,36688186,confirm,c.810C>G was confirmed by genetic testing for Dent's disease
MESH:C538212,1184,36688186,identifi,c.810C>G was identified in a patient with Dent's disease
MESH:C538212,1184,36688186,"caus,mutat",mutations in CLCN5 cause Dent's disease
MESH:C538212,1184,36688186,confirm,p.(Ser270Arg) confirms the diagnosis of Dent's disease
MESH:C538212,1184,36688186,,p.(Ser270Arg) contributes to kidney failure in Dent's disease
MESH:C538212,1184,36688186,"missens,mutat",p.(Ser270Arg) is a missense mutation in the CLCN5 gene related to Dent's disease
MESH:C538212,1184,36688186,mutat,p.(Ser270Arg) is a mutation associated with Dent's disease
MESH:C538212,1184,36688186,,p.(Ser270Arg) is associated with Dent's disease
MESH:C538212,1184,36688186,,p.(Ser270Arg) is related to chronic kidney disease in Dent's disease patients
MESH:C538212,1184,36688186,confirm,p.(Ser270Arg) was confirmed by genetic testing for Dent's disease
MESH:C538212,1184,36688186,identifi,p.(Ser270Arg) was identified in a patient with Dent's disease
MESH:C538212,1184,36688186,"previous,report",p.(Ser270Arg) was not previously reported in populational databases related to Dent's disease
MESH:C538212,1184,7874126,,hCIC-K2 has a proposed function related to the aetiology of Dent's disease
MESH:C538212,1184,7874126,,hCIC-K2 is a candidate for Dent's disease
MESH:C538212,1184,7874126,,hCIC-K2 is associated with a microdeletion in patients with Dent's disease
MESH:C538212,1184,7874126,,hCIC-K2 is implicated in the disease aetiology of Dent's disease
MESH:C538212,1184,7915957,,XLRH is different from Dent disease
MESH:C538212,1184,7915957,,XLRH is discussed in relation to Dent disease
MESH:C538212,1184,7915957,,XLRH is related to Dent disease
MESH:C538212,1184,8559248,"encod,channel",CLCN5 encodes a putative renal chloride channel related to Dent's disease
MESH:C538212,1184,8559248,"identifi,mutat",CLCN5 has mutations identified in Dent's disease kindreds
MESH:C538212,1184,8559248,,CLCN5 is associated with Dent's disease
MESH:C538212,1184,8559248,identifi,CLCN5 is identified in Dent's disease kindred
MESH:C538212,1184,8559248,,CLCN5 is investigated for abnormalities in Dent's disease patients
MESH:C538212,1184,8559248,"found,mutat",CLCN5 mutations are found in Dent's disease kindred
MESH:C538212,1184,8626585,sequenc,ClC-5 has almost identical sequence to a partial sequence of human cDNA related to Dent's disease
MESH:C538212,1184,8626585,,ClC-5 is related to Dent's disease
MESH:C538212,1184,8626585,,ClC-5 provides insight into the pathogenesis of Dent's disease
MESH:C538212,1184,9187673,,CLCN5 gene is related to X-linked diseases such as Dent's disease
MESH:C538212,1184,9187673,,CLCN5 is associated with Dent's disease
MESH:C538212,1184,9187673,,S244L is associated with Dent's disease
MESH:C538212,1184,9187673,"mutat,famili",families with CLCN5 mutations may exhibit symptoms of Dent's disease
MESH:C538212,1184,9187673,"report,mutat",mutation in CLCN5 is reported to be associated with Dent's disease
MESH:C538212,1184,9187673,"caus,report,mutat",mutation in CLCN5 is reported to cause Dent's disease
MESH:C538212,1184,9187673,mutat,mutations in CLCN5 are linked to X-linked nephrolithiasis and Dent's disease
MESH:C538212,1184,9187673,"caus,report,mutat",mutations in CLCN5 have been reported to cause Dent's disease
MESH:C538212,1184,9259268,,E527D is associated with hypercalciuric nephrolithiasis (kidney stones) disorders
MESH:C538212,1184,9259268,,G512R is associated with hypercalciuric nephrolithiasis (kidney stones) disorders
MESH:C538212,1184,9259268,"identifi,famili",G512R was identified in families with hypercalciuric nephrolithiasis
MESH:C538212,1184,9259268,,G57V is associated with hypercalciuric nephrolithiasis (kidney stones) disorders
MESH:C538212,1184,9259268,,R648Stop is associated with hypercalciuric nephrolithiasis (kidney stones) disorders
MESH:C538212,1184,9328927,mutat,CLCN5 has mutations related to Dent's disease
MESH:C538212,1184,9328927,,CLCN5 is responsible for Dent's disease
MESH:C538212,1184,9328927,mutat,mutations in CLCN5 are associated with Dent's disease
MESH:C538212,1184,9328927,mutat,mutations in CLCN5 are related to Dent's disease
MESH:C538212,1184,9328927,delet,single base deletion at codon 403 is related to Dent's disease
MESH:C538212,1184,9328927,insert,single base insertion at codon 520 is related to Dent's disease
MESH:C538212,1184,9596078,mutat,CLCN5 gene has mutations linked to hypercalciuric nephrolithiasis and Dent's disease
MESH:C538212,1184,9596078,,CLCN5 gene is involved in hypercalciuric nephrolithiasis including Dent's disease
MESH:C538212,1184,9596078,mutat,CLCN5 gene mutations are linked to Dent's disease
MESH:C538212,1184,9596078,"found,mutat",CLCN5 has mutations found in Dent's disease
MESH:C538212,1184,9596078,,CLCN5 is associated with Dent's disease
MESH:C538212,1184,9596078,mutat,CLCN5 mutations exhibit symptoms similar to those in Dent's disease
MESH:C538212,1184,9596078,mutat,E118X is a type of mutation in the CLCN5 gene related to Dent's disease
MESH:C538212,1184,9596078,,E118X is associated with Dent's disease
MESH:C538212,1184,9596078,found,E118X was found in patients resembling those with Dent's disease
MESH:C538212,1184,9596078,found,E118X was found in patients with symptoms similar to those shown by patients with Dent's disease
MESH:C538212,1184,9596078,mutat,Mutations in CLCN5 are demonstrated in Dent's disease
MESH:C538212,1184,9596078,"found,mutat",Mutations in CLCN5 are found in patients with Dent's disease
MESH:C538212,1184,9596078,"report,mutat",Mutations in CLCN5 are reported in Japanese children with LMWP showing Dent's disease symptoms
MESH:C538212,1184,9596078,,R347X has implications for patients with Dent's disease
MESH:C538212,1184,9596078,,R347X has symptoms similar to those shown by patients with Dent's disease
MESH:C538212,1184,9596078,,R347X is associated with Dent's disease
MESH:C538212,1184,9596078,"novel,mutat",Studies of CLCN5 clarify novel mutations related to Dent's disease
MESH:C538212,1184,9596078,,W22G is associated with Dent's disease
MESH:C538212,1184,9596078,,W22G is related to Dent's disease
MESH:C538212,1184,9596078,mutat,W22G shares similarities with mutations in patients with Dent's disease
MESH:C538212,1184,9596078,found,W22G was found in patients with symptoms similar to Dent's disease
MESH:C538212,1184,9653142,,ClC-5 explains the proteinuria observed in Dent's disease
MESH:C538212,1184,9653142,"lead,loss-of-funct,mutat",ClC-5 loss-of-function mutations lead to Dent's disease
MESH:C538212,1184,9653142,mutat,ClC-5 mutated in Dent's disease
MESH:C538212,1184,9690036,,CLC-5 is defined in hypercalciuric nephrolithiasis disorders of Dent's disease
MESH:C538212,1184,9734595,,C to T is associated with Dent's disease
MESH:C538212,1184,9734595,,CLCN5 is associated with Dent's disease
MESH:C538212,1184,9734595,mutat,R28X is a mutation associated with Dent's disease
MESH:C538212,1184,9734595,,R28X is associated with Dent's disease
MESH:C538212,1184,9734595,"found,famili",R28X was found in a family with Dent's disease
MESH:C538212,1184,9734595,,R34X is associated with Dent's disease
MESH:C538212,1184,9734595,mutat,W343X contributes to the range of mutations in Dent's disease
MESH:C538212,1184,9734595,,W343X is associated with Dent's disease
MESH:C538212,1184,9734595,lead,leucine for serine at codon 244 can lead to symptoms of Dent's disease
MESH:C538212,1184,9734595,"found,mutat",leucine for serine at codon 244 is a mutation found in patients with Dent's disease
MESH:C538212,1184,9734595,mutat,leucine for serine at codon 244 is a mutation in Dent's disease
MESH:C538212,1184,9734595,substitut,leucine for serine at codon 244 is a predicted substitution in patients with Dent's disease
MESH:C538212,1184,9734595,,leucine for serine at codon 244 is associated with Dent's disease
MESH:C538212,1184,9734595,"identifi,mutat",leucine for serine at codon 244 is part of the mutations identified in Dent's disease
MESH:C538212,1184,9734595,mutat,leucine for serine at codon 244 is related to the CLCN5 gene mutations in Dent's disease
MESH:C538212,1184,9734595,,leucine for serine at codon 244 relates to the genetics of Dent's disease
MESH:C538212,1184,9734595,,leucine for serine at codon 244 was analyzed in research on Dent's disease
MESH:C538212,1184,9734595,found,leucine for serine at codon 244 was found in a patient of Ashkenazi origin with Dent's disease
MESH:C538212,1184,9734595,found,leucine for serine at codon 244 was found in a patient with Dent's disease
MESH:C538212,1184,9734595,"report,famili",leucine for serine at codon 244 was reported in families affected by Dent's disease
MESH:C538212,1184,9734595,"lead,mutat",mutations in CLCN5 lead to symptoms of Dent's disease
MESH:C538212,1184,9853249,,L278F is associated with Dent's disease
MESH:C538212,1184,9853249,"identifi,famili",L278F is identified in Japanese families with Dent's disease
MESH:C538212,1184,9853249,"identifi,mutat",L278F is one of the mutations identified in Japanese children with Dent's disease
MESH:C538212,1184,9853249,,R648X is associated with Dent's disease
MESH:C538212,1184,9853249,"identifi,famili",R648X was identified in Japanese families with Dent's disease
MESH:C538212,1184,9853249,,R704X contributes to renal tubular disorder in Dent's disease
MESH:C538212,1184,9853249,,R704X is associated with Dent's disease
MESH:C538212,1184,9853249,"identifi,famili",R704X is identified in Japanese families with Dent's disease
MESH:C538212,1184,9853249,identifi,R704X was identified in Japanese children with Dent's disease
MESH:C538212,1184,9853249,,S270R is associated with Dent's disease
MESH:C538212,1184,9853249,"missens,mutat",S270R is classified as a missense mutation related to Dent's disease
MESH:C538212,1184,9853249,identifi,S270R is identified in a variant of Dent's disease
MESH:C538212,1184,9853249,"identifi,famili",S270R was identified in Japanese families with Dent's disease
MESH:C538212,1184,9853249,identifi,S270R was identified in patients with Dent's disease
MESH:C538212,1184,9893114,,CLCN5 gene plays a role in hypercalciuric nephrolithiasis
MESH:C538212,1184,9893114,report,CLCN5 has been reported in hypercalciuric nephrolithiasis
MESH:C538212,1184,9893114,mutat,CLCN5 has mutations linked to disorders of hypercalciuric nephrolithiasis
MESH:C538212,1184,9893114,,CLCN5 is linked to hypercalciuric nephrolithiasis
MESH:C538212,1184,9893114,mutat,CLCN5 mutations are associated with hypercalciuric nephrolithiasis
MESH:C538212,1184,9893114,"caus,mutat,phenotyp",CLCN5 mutations can cause variations in phenotypes related to hypercalciuric nephrolithiasis
MESH:C538212,1184,9893114,"found,mutat",CLCN5 mutations found in hypercalciuric nephrolithiasis
MESH:C538212,1184,9893114,"report,mutat",Mutations in CLCN5 have been reported in hypercalciuric nephrolithiasis
MESH:C538212,1184,9893114,"found,mutat",R704X is identical to a mutation found in hypercalciuric nephrolithiasis
MESH:C538212,1184,9893114,"found,mutat",R704X mutation in CLCN5 is identical to that found in hypercalciuric nephrolithiasis
MESH:C538212,1184,9893114,mutat,mutations in CLCN5 are involved in hypercalciuric nephrolithiasis
MESH:C538212,1184,9893114,"caus,delet",single base deletion at codon 116 causes disturbances in renal function related to hypercalciuric nephrolithiasis
MESH:C538212,1184,9893114,"report,delet,mutat",single base deletion at codon 116 is a mutation that has been reported in hypercalciuric nephrolithiasis
MESH:C538212,1184,9893114,"delet,phenotyp",single base deletion at codon 116 is linked to phenotypic variations in hypercalciuric nephrolithiasis
MESH:C538212,1184,9893114,"report,delet",single base deletion at codon 116 is reported in hypercalciuric nephrolithiasis
MESH:C538212,1184,9893114,"identifi,delet,famili",single base deletion at codon 116 was identified in families with hypercalciuric nephrolithiasis
MESH:C538212,1184,9893114,insert,single base insertion at codon 514 affects hypercalciuric nephrolithiasis
MESH:C538212,1184,9893114,"caus,insert",single base insertion at codon 514 causes variations in hypercalciuric nephrolithiasis
MESH:C538212,1184,9893114,"report,insert",single base insertion at codon 514 has been reported in hypercalciuric nephrolithiasis
MESH:C538212,1184,9893114,"found,insert,mutat",single base insertion at codon 514 is a mutation found in hypercalciuric nephrolithiasis
MESH:C538212,1184,9893114,insert,single base insertion at codon 514 is associated with hypercalciuric nephrolithiasis
MESH:C538212,1184,9931332,mutat,CLC-5 has mutations in Dent's disease
MESH:C538212,1184,9931332,,CLC-5 is associated with Dent's disease
MESH:C538212,1184,9931332,basi,CLC-5 is involved in the pathophysiological basis of Dent's disease
MESH:C538212,1184,9931332,,Functional loss of CLC-5 explains hypercalciuria in Dent's disease
MESH:C538212,1184,9931332,molecular,Functional loss of CLC-5 explains low molecular weight proteinuria in Dent's disease
MESH:C538212,1184,9931332,basi,studies of CLC-5 help elucidate the patho-physiological basis of Dent's disease
MESH:D000081003,51119,12496757,identifi,SBDS has been identified in Shwachman-Diamond syndrome patients
MESH:D000081003,51119,12496757,mutat,SBDS has recurring mutations in patients with SDS
MESH:D000081003,51119,12496757,,SBDS is associated with Shwachman-Diamond syndrome
MESH:D000081003,51119,12496757,"found,mutat",SBDS mutations are found in individuals with Shwachman-Diamond syndrome
MESH:D000081003,51119,12496757,mutat,mutations in SBDS are associated with Shwachman-Diamond syndrome
MESH:D000081003,51119,12496757,"identifi,mutat",mutations in SBDS are identified in individuals with Shwachman-Diamond syndrome
MESH:D000081003,51119,12496757,mutat,mutations in SBDS are linked to Shwachman-Diamond syndrome
MESH:D000081003,51119,14743349,,SBDS affects neutrophil behavior in Shwachman-Diamond Syndrome
MESH:D000081003,51119,14743349,,SBDS is a gene locus associated with Shwachman-Diamond Syndrome
MESH:D000081003,51119,14743349,mutat,SBDS is a mutation in Shwachman-Diamond Syndrome
MESH:D000081003,51119,14743349,,SBDS is related to Shwachman-Diamond Syndrome
MESH:D000081003,51119,14743349,,SBDS is responsible for Shwachman-Diamond Syndrome in a majority of patients
MESH:D000081003,51119,14749921,caus,+201A>G contributes to the genetic causes of Shwachman-Diamond syndrome
MESH:D000081003,51119,14749921,mutat,+201A>G is a mutation associated with Shwachman-Diamond syndrome
MESH:D000081003,51119,14749921,"caus,mutat",+201A>G is a mutation causing Shwachman-Diamond syndrome
MESH:D000081003,51119,14749921,"identifi,famili",+201A>G is identified in Japanese families with Shwachman-Diamond syndrome
MESH:D000081003,51119,14749921,"novel,mutat",+201A>G is one of novel mutations in Shwachman-Diamond syndrome
MESH:D000081003,51119,14749921,"identifi,mutat",+201A>G is one of the identified mutations in Shwachman-Diamond syndrome
MESH:D000081003,51119,14749921,"compound,mutat",+201A>G is part of compound heterozygous mutations associated with Shwachman-Diamond syndrome
MESH:D000081003,51119,14749921,occur,+201A>G occurs due to gene conversion in Shwachman-Diamond syndrome
MESH:D000081003,51119,14749921,occur,+201A>G occurs in Japanese patients with Shwachman-Diamond syndrome
MESH:D000081003,51119,14749921,"identifi,compound,mutat",+201A>G was identified as a compound heterozygous mutation in Shwachman-Diamond syndrome
MESH:D000081003,51119,14749921,,141C>T is associated with Shwachman-Diamond syndrome
MESH:D000081003,51119,14749921,found,141C>T is found in Shwachman-Diamond syndrome
MESH:D000081003,51119,14749921,"identifi,famili",141C>T is identified in Japanese families with SDS
MESH:D000081003,51119,14749921,,184TA>CT contributes to the genetic characteristics of Shwachman-Diamond syndrome
MESH:D000081003,51119,14749921,,184TA>CT contributes to the genetic understanding of Shwachman-Diamond syndrome
MESH:D000081003,51119,14749921,,184TA>CT is associated with Shwachman-Diamond syndrome
MESH:D000081003,51119,14749921,"novel,mutat",184TA>CT is classified as a novel mutation in Japanese patients with Shwachman-Diamond syndrome
MESH:D000081003,51119,14749921,"novel,mutat",184TA>CT is considered a novel mutation in Shwachman-Diamond syndrome
MESH:D000081003,51119,14749921,"identifi,novel,mutat,famili",184TA>CT is identified as a novel mutation in families with Shwachman-Diamond syndrome
MESH:D000081003,51119,14749921,occur,184TA>CT occurs in Japanese patients with Shwachman-Diamond syndrome
MESH:D000081003,51119,14749921,occur,184TA>CT occurs in the context of gene conversion in Shwachman-Diamond syndrome
MESH:D000081003,51119,14749921,"identifi,famili",184TA>CT was identified in Japanese families with Shwachman-Diamond syndrome
MESH:D000081003,51119,14749921,caus,258+2T>C contributes to the genetic causes of Shwachman-Diamond syndrome
MESH:D000081003,51119,14749921,"compound,mutat",258+2T>C is a type of compound heterozygous mutation in Shwachman-Diamond syndrome
MESH:D000081003,51119,14749921,,258+2T>C is associated with Shwachman-Diamond syndrome
MESH:D000081003,51119,14749921,"identifi,mutat",258+2T>C is identified as a recurrent mutation in Shwachman-Diamond syndrome
MESH:D000081003,51119,14749921,mutat,258+2T>C is one of the recurrent mutations in Shwachman-Diamond syndrome
MESH:D000081003,51119,14749921,occur,258+2T>C occurs in patients with Shwachman-Diamond syndrome
MESH:D000081003,51119,14749921,result,258+2T>C results from gene conversion related to Shwachman-Diamond syndrome
MESH:D000081003,51119,14749921,"identifi,famili",258+2T>C was identified in Japanese families with SDS
MESH:D000081003,51119,14749921,"identifi,famili",258+2T>C was identified in Japanese families with Shwachman-Diamond syndrome
MESH:D000081003,51119,14749921,basi,292-295delAAAG contributes to the genetic basis of Shwachman-Diamond syndrome
MESH:D000081003,51119,14749921,,292-295delAAAG is associated with Shwachman-Diamond syndrome
MESH:D000081003,51119,14749921,"novel,mutat",292-295delAAAG is classified as a novel mutation in Shwachman-Diamond syndrome
MESH:D000081003,51119,14749921,found,292-295delAAAG is found in Japanese patients with Shwachman-Diamond syndrome
MESH:D000081003,51119,14749921,"identifi,famili",292-295delAAAG is identified in Japanese families with SDS
MESH:D000081003,51119,14749921,"identifi,famili",292-295delAAAG was identified in Japanese families with Shwachman-Diamond syndrome
MESH:D000081003,51119,14749921,,96-97insA is associated with Shwachman-Diamond syndrome
MESH:D000081003,51119,14749921,occur,96-97insA occurs in Japanese patients with Shwachman-Diamond syndrome
MESH:D000081003,51119,14749921,"identifi,famili",96-97insA was identified in Japanese families with SDS
MESH:D000081003,51119,14749921,identifi,96-97insA was identified in Japanese patients with Shwachman-Diamond syndrome
MESH:D000081003,51119,14749921,caus,SBDS causes Shwachman-Diamond syndrome
MESH:D000081003,51119,14749921,,SBDS is associated with bone marrow dysfunction in Shwachman-Diamond syndrome
MESH:D000081003,51119,14749921,"caus,mutat",SBDS is caused by mutations in Shwachman-Diamond syndrome
MESH:D000081003,51119,14749921,"found,mutat",SBDS mutations are found in Shwachman-Diamond syndrome patients
MESH:D000081003,51119,14749921,"lead,mutat",SBDS mutations lead to metaphyseal chondrodysplasia in Shwachman-Diamond syndrome
MESH:D000081003,51119,14749921,"result,mutat",SBDS mutations result in Shwachman-Diamond syndrome
MESH:D000081003,51119,14984468,,SBDS gene is linked to Shwachman-Diamond syndrome
MESH:D000081003,51119,14984468,defect,SBDS is a genetic defect in Shwachman-Diamond syndrome
MESH:D000081003,51119,14984468,,SBDS is associated with Shwachman-Diamond syndrome
MESH:D000081003,51119,14984468,,SBDS is linked to skeletal abnormalities in Shwachman-Diamond syndrome
MESH:D000081003,51119,14984468,"caus,mutat",SBDS mutations cause Shwachman-Diamond syndrome
MESH:D000081003,51119,14984468,"caus,mutat",mutations in SBDS cause Shwachman-Diamond syndrome
MESH:D000081003,51119,14984468,mutat,patients with SBDS mutations have Shwachman-Diamond syndrome
MESH:D000081003,51119,15284109,,SBDS are present in most patients with Shwachman-Diamond syndrome
MESH:D000081003,51119,15284109,,SBDS is a gene associated with Shwachman-Diamond syndrome
MESH:D000081003,51119,15284109,heterogen,SBDS is characterized by genetic heterogeneity in Shwachman-Diamond syndrome
MESH:D000081003,51119,15284109,,SBDS may define subgroups of patients with Shwachman-Diamond syndrome
MESH:D000081003,51119,15284109,mutat,SBDS mutations are linked to Shwachman-Diamond syndrome
MESH:D000081003,51119,15284109,mutat,SBDS mutations define subgroups of Shwachman-Diamond syndrome patients
MESH:D000081003,51119,15284109,"lead,loss-of-funct,mutat",SBDS mutations lead to loss-of-function in Shwachman-Diamond syndrome
MESH:D000081003,51119,15284109,mutat,mutations of SBDS are associated with Shwachman-Diamond syndrome
MESH:D000081003,51119,15342903,basi,+2T--> C contributes to the genetic basis of Shwachman-Diamond syndrome
MESH:D000081003,51119,15342903,,+2T--> C contributes to the symptoms of Shwachman-Diamond syndrome
MESH:D000081003,51119,15342903,,+2T--> C is associated with Shwachman-Diamond syndrome
MESH:D000081003,51119,15342903,found,+2T--> C is found in patients with Shwachman-Diamond syndrome
MESH:D000081003,51119,15342903,,+2T--> C is related to Shwachman-Diamond syndrome
MESH:D000081003,51119,15342903,identifi,+2T--> C was identified in patient with Shwachman-Diamond syndrome
MESH:D000081003,51119,15342903,,183-184TA-->CT contributes to the development of Shwachman-Diamond syndrome
MESH:D000081003,51119,15342903,found,183-184TA-->CT has been found in patients with Shwachman-Diamond syndrome
MESH:D000081003,51119,15342903,,183-184TA-->CT is associated with Shwachman-Diamond syndrome
MESH:D000081003,51119,15342903,identifi,183-184TA-->CT is identified in cases of Shwachman-Diamond syndrome
MESH:D000081003,51119,15342903,mutat,183-184TA-->CT is one of the mutations linked to Shwachman-Diamond syndrome
MESH:D000081003,51119,15342903,congenit,183-184TA-->CT may indicate congenital aplastic anemia in Shwachman-Diamond syndrome
MESH:D000081003,51119,15342903,,K62X contributes to the hematologic abnormalities of Shwachman-Diamond syndrome
MESH:D000081003,51119,15342903,,K62X contributes to the symptoms of Shwachman-Diamond syndrome
MESH:D000081003,51119,15342903,,K62X indicates a genetic anomaly related to Shwachman-Diamond syndrome
MESH:D000081003,51119,15342903,,K62X indicates a genetic link to Shwachman-Diamond syndrome
MESH:D000081003,51119,15342903,,K62X is associated with Shwachman-Diamond syndrome
MESH:D000081003,51119,15342903,identifi,K62X is identified alongside other symptoms of Shwachman-Diamond syndrome
MESH:D000081003,51119,15342903,mutat,K62X is one of the common mutations linked to Shwachman-Diamond syndrome
MESH:D000081003,51119,15342903,found,K62X was found in a patient with Shwachman-Diamond syndrome
MESH:D000081003,51119,15342903,found,K62X was found in cases of Shwachman-Diamond syndrome
MESH:D000081003,51119,15342903,mutat,SBDS contains mutations linked to Shwachman-Diamond syndrome
MESH:D000081003,51119,15342903,"caus,mutat,congenit",SBDS gene mutations cause congenital aplastic anemia in Shwachman-Diamond syndrome
MESH:D000081003,51119,15342903,,SBDS is associated with Shwachman-Diamond syndrome
MESH:D000081003,51119,15342903,"found,mutat",SBDS mutations are found in Shwachman-Diamond syndrome
MESH:D000081003,51119,15342903,"caus,mutat",SBDS mutations cause Shwachman-Diamond syndrome
MESH:D000081003,51119,15342903,,SBDS was studied in relation to Shwachman-Diamond syndrome
MESH:D000081003,51119,15474150,,SBDS is associated with Shwachman-Diamond syndrome
MESH:D000081003,51119,15474150,"found,mutat",SBDS mutations are found in patients with Shwachman-Diamond syndrome
MESH:D000081003,51119,15474150,,SBDS was cloned from Shwachman-Diamond syndrome
MESH:D000081003,51119,15701631,"truncat,mutat",K62X is a common truncation mutation in SDS
MESH:D000081003,51119,15701631,,K62X is associated with Shwachman-Diamond Syndrome
MESH:D000081003,51119,15701631,,K62X is non-functional in SDS
MESH:D000081003,51119,15701631,,K62X is observed in individuals with SDS
MESH:D000081003,51119,15769891,"found,mutat",Mutations in SBDS are found in Shwachman-Diamond syndrome patients
MESH:D000081003,51119,15769891,"found,mutat",Mutations in the SBDS gene are found in patients with Shwachman-Diamond syndrome
MESH:D000081003,51119,15769891,mutat,Patients with SBDS mutations exhibit Shwachman-Diamond syndrome characteristics
MESH:D000081003,51119,15769891,genotype-phenotyp,SBDS gene has a lack of genotype-phenotype relationship in Shwachman-Diamond syndrome
MESH:D000081003,51119,15769891,sequenc,SBDS gene was sequenced in patients with Shwachman-Diamond syndrome
MESH:D000081003,51119,15769891,causat,SBDS is the causative gene for Shwachman-Diamond syndrome
MESH:D000081003,51119,15769891,mutat,SBDS mutations were observed in the majority of Shwachman-Diamond syndrome cases
MESH:D000081003,51119,15769891,sequenc,SBDS was sequenced in unrelated patients with Shwachman-Diamond syndrome
MESH:D000081003,51119,15776428,encod,SBDS encodes a protein involved in Shwachman-Diamond syndrome
MESH:D000081003,51119,15776428,"identifi,mutat",SBDS has mutations identified in patients with Shwachman-Diamond syndrome
MESH:D000081003,51119,15776428,mutat,SBDS has mutations related to Shwachman-Diamond syndrome
MESH:D000081003,51119,15776428,,SBDS is associated with Shwachman-Diamond syndrome
MESH:D000081003,51119,15776428,,SBDS plays a role in the pathology of Shwachman-Diamond syndrome
MESH:D000081003,51119,15860664,,IVS2 + 2 T>C contributes to the pathogenesis of Shwachman-Diamond syndrome
MESH:D000081003,51119,15860664,,IVS2 + 2 T>C is associated with Shwachman-Diamond syndrome
MESH:D000081003,51119,15860664,,IVS2 + 2 T>C is linked to exocrine pancreatic insufficiency in SDS
MESH:D000081003,51119,15860664,,R169C affects SBDS protein expression in Shwachman-Diamond syndrome
MESH:D000081003,51119,15860664,,R169C contributes to the pathogenesis of Shwachman-Diamond syndrome
MESH:D000081003,51119,15860664,"missens,mutat",R169C is a missense mutation associated with Shwachman-Diamond syndrome
MESH:D000081003,51119,15860664,,R169C is associated with Shwachman-Diamond syndrome
MESH:D000081003,51119,15860664,found,R169C is found in Shwachman-Diamond syndrome
MESH:D000081003,51119,15860664,found,R169C is found in patients with Shwachman-Diamond syndrome
MESH:D000081003,51119,15860664,,R169C is related to the pathogenesis of Shwachman-Diamond syndrome
MESH:D000081003,51119,15860664,,SBDS exhibits no detectable full-length SBDS protein in some patients with SDS
MESH:D000081003,51119,15860664,,SBDS is associated with Shwachman-Diamond syndrome
MESH:D000081003,51119,15860664,,SBDS is responsible for Shwachman-Diamond syndrome
MESH:D000081003,51119,15860664,,SBDS is the gene for Shwachman-Diamond syndrome
MESH:D000081003,51119,15860664,,SBDS protein is detected in patients with Shwachman-Diamond syndrome
MESH:D000081003,51119,15860664,"lead,mutat",mutations in SBDS lead to Shwachman-Diamond syndrome
MESH:D000081003,51119,15870673,mutat,SBDS contains mutations in patients with Shwachman-Diamond syndrome
MESH:D000081003,51119,15870673,,SBDS is associated with Shwachman-Diamond syndrome
MESH:D000081003,51119,15870673,,SBDS is linked to the features of Shwachman-Diamond syndrome
MESH:D000081003,51119,15870673,"mutat,sequenc",SBDS was sequenced to search for mutations in patients with Shwachman-Diamond syndrome
MESH:D000081003,51119,15870673,"caus,mutat",mutations in SBDS can cause Shwachman-Diamond syndrome
MESH:D000081003,51119,15870673,mutat,presence of mutations in SBDS may indicate unrecognized Shwachman-Diamond syndrome
MESH:D000081003,51119,15942154,"lead,heterogen,phenotyp",183-184 TA > CT can lead to phenotypic heterogeneity in Shwachman-Diamond syndrome
MESH:D000081003,51119,15942154,caus,183-184 TA > CT causes clinical variations in Shwachman-Diamond syndrome
MESH:D000081003,51119,15942154,mutat,183-184 TA > CT is a mutation associated with Shwachman-Diamond syndrome
MESH:D000081003,51119,15942154,mutat,183-184 TA > CT is a mutation in Shwachman-Diamond syndrome
MESH:D000081003,51119,15942154,"identifi,compound",183-184 TA > CT is identified in compound heterozygotes of Shwachman-Diamond syndrome
MESH:D000081003,51119,15942154,,183-184 TA > CT is prevalent among Japanese patients with Shwachman-Diamond syndrome
MESH:D000081003,51119,15942154,mutat,258+2 T > C is a mutation associated with Shwachman-Diamond syndrome
MESH:D000081003,51119,15942154,compound,258+2 T > C is detected in compound heterozygotes linked to Shwachman-Diamond syndrome
MESH:D000081003,51119,15942154,,258+2 T > C is involved in the clinical variations of Shwachman-Diamond syndrome
MESH:D000081003,51119,15942154,mutat,258+2 T > C is one of the prevalent mutations in Japanese patients with Shwachman-Diamond syndrome
MESH:D000081003,51119,15942154,,258+2 T > C is present in patients with Shwachman-Diamond syndrome
MESH:D000081003,51119,15942154,,258+2 T > C is prevalent among Japanese patients with Shwachman-Diamond syndrome
MESH:D000081003,51119,15942154,,258+2 T > C was detected in Japanese patients with Shwachman-Diamond syndrome
MESH:D000081003,51119,15942154,mutat,292-295 delAAAG is a mutation associated with Shwachman-Diamond syndrome
MESH:D000081003,51119,15942154,mutat,292-295 delAAAG is a mutation of Shwachman-Diamond syndrome
MESH:D000081003,51119,15942154,identifi,292-295 delAAAG is identified in one patient with Shwachman-Diamond syndrome
MESH:D000081003,51119,15942154,,292-295 delAAAG is present in patients with Shwachman-Diamond syndrome
MESH:D000081003,51119,15942154,,292-295 delAAAG is prevalent among Japanese patients with Shwachman-Diamond syndrome
MESH:D000081003,51119,15942154,,292-295 delAAAG is related to clinical variations in Shwachman-Diamond syndrome
MESH:D000081003,51119,15942154,caus,SBDS causes Shwachman-Diamond syndrome
MESH:D000081003,51119,15942154,mutat,SBDS is mutated in Shwachman-Diamond syndrome patients
MESH:D000081003,51119,15942154,caus,SBDS is the cause of Shwachman-Diamond syndrome
MESH:D000081003,51119,15942154,mutat,SBDS mutations are prevalent among Japanese patients with Shwachman-Diamond syndrome
MESH:D000081003,51119,15942154,"lead,mutat",SBDS mutations lead to skeletal changes in Shwachman-Diamond syndrome
MESH:D000081003,51119,16007594,mutat,184TA > CT is a mutation associated with Shwachman-Diamond syndrome
MESH:D000081003,51119,16007594,occur,184TA > CT occurs in patients with Shwachman-Diamond syndrome
MESH:D000081003,51119,16007594,found,184TA > CT was found in SDS patients with AML
MESH:D000081003,51119,16007594,"found,mutat",258 + 2T > C is a mutation found in patients with Shwachman-Diamond syndrome
MESH:D000081003,51119,16007594,mutat,258 + 2T > C is a type of SBDS mutation related to Shwachman-Diamond syndrome
MESH:D000081003,51119,16007594,,258 + 2T > C is associated with Shwachman-Diamond syndrome
MESH:D000081003,51119,16007594,occur,258 + 2T > C occurs in SDS patients with AML
MESH:D000081003,51119,16007594,found,258 + 2T > C was found in SDS patients with AML
MESH:D000081003,51119,16007594,lead,SBDS can lead to myelodysplasia in Shwachman-Diamond syndrome
MESH:D000081003,51119,16007594,,SBDS is associated with Shwachman-Diamond syndrome
MESH:D000081003,51119,16007594,,SBDS is located on chromosome 7 in Shwachman-Diamond syndrome
MESH:D000081003,51119,16007594,,SBDS is studied for its role in AML in Shwachman-Diamond syndrome
MESH:D000081003,51119,16007594,"found,mutat",SBDS mutations are found in 90 percent of SDS patients
MESH:D000081003,51119,16007594,"occur,mutat",SBDS mutations occur in Shwachman-Diamond syndrome patients
MESH:D000081003,51119,16007594,"lead,mutat",mutations in SBDS can lead to acute myeloid leukemia in SDS patients
MESH:D000081003,51119,16047374,,SBDS is a gene connected to Shwachman-Diamond syndrome
MESH:D000081003,51119,16047374,caus,SBDS is a gene that causes Shwachman-Diamond syndrome
MESH:D000081003,51119,16047374,,SBDS is associated with Shwachman-Diamond syndrome
MESH:D000081003,51119,16047374,basi,SBDS is linked to the genetic basis of Shwachman-Diamond syndrome
MESH:D000081003,51119,16047374,defect,SBDS plays a role in hematopoietic defects in Shwachman-Diamond syndrome
MESH:D000081003,51119,16047374,,SBDS plays a role in the pathogenesis of Shwachman-Diamond syndrome
MESH:D000081003,51119,16822460,,SBDS is a gene involved in Shwachman-Diamond syndrome
MESH:D000081003,51119,16822460,,SBDS is associated with Shwachman-Diamond syndrome
MESH:D000081003,51119,16822460,found,SBDS is found in approximately 90% of patients with Shwachman-Diamond syndrome
MESH:D000081003,51119,16822460,,SBDS is related to exocrine pancreatic insufficiency in Shwachman-Diamond syndrome
MESH:D000081003,51119,16822460,,SBDS localizes to cytoplasm and nucleus in Shwachman-Diamond syndrome
MESH:D000081003,51119,16822460,,SBDS may affect the clinical presentation of Shwachman-Diamond syndrome
MESH:D000081003,51119,16822460,"caus,mutat",SBDS mutations cause Shwachman-Diamond syndrome
MESH:D000081003,51119,16822460,,SBDS plays a role in RNA metabolism related to Shwachman-Diamond syndrome
MESH:D000081003,51119,16867904,mutat,181-184TA-->CT is a mutation associated with Shwachman-Diamond syndrome
MESH:D000081003,51119,16867904,found,181-184TA-->CT is found in patients with Shwachman-Diamond syndrome
MESH:D000081003,51119,16867904,,181-184TA-->CT is linked to genetic analysis of Shwachman-Diamond syndrome
MESH:D000081003,51119,16867904,mutat,181-184TA-->CT is one of the recurrent mutations in Shwachman-Diamond syndrome
MESH:D000081003,51119,16867904,basi,258+2T-->C contributes to the genetic basis of Shwachman-Diamond syndrome
MESH:D000081003,51119,16867904,mutat,258+2T-->C is a mutation associated with Shwachman-Diamond syndrome
MESH:D000081003,51119,16867904,,258+2T-->C is linked to genetic analysis of Shwachman-Diamond syndrome
MESH:D000081003,51119,16867904,mutat,258+2T-->C is one of the recurrent mutations in Shwachman-Diamond syndrome
MESH:D000081003,51119,16867904,found,258+2T-->C was found in patients with presumed Shwachman-Diamond syndrome
MESH:D000081003,51119,16867904,heterogen,259-1G-->A contributes to the genetic heterogeneity of Shwachman-Diamond syndrome
MESH:D000081003,51119,16867904,mutat,259-1G-->A is a mutation of Shwachman-Diamond syndrome
MESH:D000081003,51119,16867904,mutat,259-1G-->A is a unique mutation associated with Shwachman-Diamond syndrome
MESH:D000081003,51119,16867904,,259-1G-->A is associated with Shwachman-Diamond syndrome
MESH:D000081003,51119,16867904,,259-1G-->A is associated with genetic analysis of Shwachman-Diamond syndrome
MESH:D000081003,51119,16867904,mutat,259-1G-->A is considered a unique mutation in Shwachman-Diamond syndrome
MESH:D000081003,51119,16867904,,259-1G-->A is linked to the diagnosis of Shwachman-Diamond syndrome
MESH:D000081003,51119,16867904,"identifi,mutat",259-1G-->A is one of the identified mutations in Shwachman-Diamond syndrome
MESH:D000081003,51119,16867904,found,259-1G-->A was found in a patient with presumed Shwachman-Diamond syndrome
MESH:D000081003,51119,16867904,found,259-1G-->A was found in a presumed SDS patient
MESH:D000081003,51119,16867904,heterogen,428C-->G contributes to the genetic heterogeneity of Shwachman-Diamond syndrome
MESH:D000081003,51119,16867904,mutat,428C-->G is a unique mutation associated with Shwachman-Diamond syndrome
MESH:D000081003,51119,16867904,mutat,428C-->G is a unique mutation in Shwachman-Diamond syndrome
MESH:D000081003,51119,16867904,,428C-->G is associated with Shwachman-Diamond syndrome
MESH:D000081003,51119,16867904,found,428C-->G was found in a Japanese patient presumed to have Shwachman-Diamond syndrome
MESH:D000081003,51119,16867904,found,428C-->G was found in a patient with presumed Shwachman-Diamond syndrome
MESH:D000081003,51119,16867904,found,428C-->G was found in presumed SDS patients
MESH:D000081003,51119,16867904,causat,SBDS is a causative gene for Shwachman-Diamond syndrome
MESH:D000081003,51119,16867904,,SBDS is associated with exocrine pancreatic insufficiency in Shwachman-Diamond syndrome
MESH:D000081003,51119,16867904,,SBDS is associated with genetic analysis of Shwachman-Diamond syndrome
MESH:D000081003,51119,16867904,"causat,identifi",SBDS is identified as a causative gene for Shwachman-Diamond syndrome
MESH:D000081003,51119,16867904,"caus,mutat",SBDS mutation causes Shwachman-Diamond syndrome
MESH:D000081003,51119,16867904,"found,mutat",SBDS mutations are found in patients with Shwachman-Diamond syndrome
MESH:D000081003,51119,16914746,,Sbds has clinical features of Shwachman-Diamond syndrome
MESH:D000081003,51119,16914746,,Sbds is a gene associated with Shwachman-Diamond syndrome
MESH:D000081003,51119,16914746,,Sbds is connected to clinical features of Shwachman-Diamond syndrome
MESH:D000081003,51119,16914746,,Sbds is essential for early mammalian development related to Shwachman-Diamond syndrome
MESH:D000081003,51119,16914746,,Sbds is linked to exocrine pancreatic insufficiency in Shwachman-Diamond syndrome
MESH:D000081003,51119,16914746,,Sbds is responsible for Shwachman-Diamond syndrome
MESH:D000081003,51119,16914746,"lead,mutat",Sbds mutation leads to Shwachman-Diamond syndrome
MESH:D000081003,51119,16914746,"caus,mutat",Sbds mutations cause Shwachman-Diamond syndrome
MESH:D000081003,51119,17046571,,SBDS affects patients with Shwachman-Diamond syndrome
MESH:D000081003,51119,17046571,,SBDS gene is related to Shwachman-Diamond syndrome
MESH:D000081003,51119,17046571,,SBDS is associated with Shwachman-Diamond syndrome
MESH:D000081003,51119,17046571,,SBDS is important for normal function in Shwachman-Diamond syndrome
MESH:D000081003,51119,17046571,,SBDS is involved in the pathology of Shwachman-Diamond syndrome
MESH:D000081003,51119,17046571,"caus,mutat",SBDS mutations cause Shwachman-Diamond syndrome
MESH:D000081003,51119,17046571,,c.362A > C contributes to impaired protein stability in SDS
MESH:D000081003,51119,17046571,,c.362A > C is associated with Shwachman-Diamond syndrome
MESH:D000081003,51119,17046571,identifi,c.362A > C was identified in a patient with Shwachman-Diamond syndrome
MESH:D000081003,51119,17046571,identifi,c.523C > T has been identified in patients with SDS
MESH:D000081003,51119,17046571,,c.523C > T is associated with Shwachman-Diamond syndrome
MESH:D000081003,51119,17046571,"caus,mutat",mutations in SBDS cause Shwachman-Diamond syndrome
MESH:D000081003,51119,17046571,"lead,mutat",mutations in the SBDS gene lead to Shwachman-Diamond syndrome
MESH:D000081003,51119,17046571,,p.N121T is associated with Shwachman-Diamond syndrome
MESH:D000081003,51119,17046571,found,p.N121T is found in patients with Shwachman-Diamond syndrome
MESH:D000081003,51119,17046571,"identifi,mutat",p.N121T is one of the identified mutations in the SBDS gene related to SDS
MESH:D000081003,51119,17046571,lead,p.N121T may lead to impaired protein function in Shwachman-Diamond syndrome
MESH:D000081003,51119,17046571,,p.R175W affects protein function in Shwachman-Diamond syndrome
MESH:D000081003,51119,17046571,caus,p.R175W causes severe disease in Shwachman-Diamond syndrome
MESH:D000081003,51119,17046571,mutat,p.R175W is a mutation of the SBDS gene related to Shwachman-Diamond syndrome
MESH:D000081003,51119,17046571,,p.R175W is associated with Shwachman-Diamond syndrome
MESH:D000081003,51119,17046571,identifi,p.R175W is identified in patients with Shwachman-Diamond syndrome
MESH:D000081003,51119,17046571,,p.R175W may contribute to severe disease in SDS patients
MESH:D000081003,51119,17106217,"compound,mutat",SBDS gene shows compound heterozygous mutations in Shwachman-Diamond syndrome patients
MESH:D000081003,51119,17106217,mutat,SBDS has mutations in Shwachman-Diamond syndrome
MESH:D000081003,51119,17106217,,SBDS is associated with Shwachman-Diamond syndrome
MESH:D000081003,51119,17106217,,SBDS is involved in the genetic analysis of Shwachman-Diamond syndrome
MESH:D000081003,51119,17106217,"found,mutat",SBDS mutations are found in patients with Shwachman-Diamond syndrome
MESH:D000081003,51119,17106217,"caus,mutat",SBDS mutations cause Shwachman-Diamond syndrome
MESH:D000081003,51119,17106217,"found,compound,mutat",compound heterozygous mutations of SBDS are found in patients with Shwachman-Diamond syndrome
MESH:D000081003,51119,17376717,caus,SBDS causes Shwachman-Diamond syndrome
MESH:D000081003,51119,17376717,delet,SBDS exhibits deletions in Shwachman-Diamond syndrome
MESH:D000081003,51119,17376717,,SBDS gene is associated with clinical symptoms of Shwachman-Diamond syndrome
MESH:D000081003,51119,17376717,"delet,novel",SBDS has a novel deletion in exon 3 related to Shwachman-Diamond syndrome
MESH:D000081003,51119,17376717,,SBDS is associated with Shwachman-Diamond syndrome
MESH:D000081003,51119,17376717,,SBDS is associated with hematological symptoms in Shwachman-Diamond syndrome
MESH:D000081003,51119,17376717,"caus,mutat",SBDS is caused by mutations in Shwachman-Diamond syndrome
MESH:D000081003,51119,17376717,,SBDS is involved in the clinical diagnosis of Shwachman-Diamond syndrome
MESH:D000081003,51119,17376717,,SBDS is linked to pancreatic exocrine insufficiency in Shwachman-Diamond syndrome
MESH:D000081003,51119,17376717,mutat,SBDS is mutated in Shwachman-Diamond syndrome
MESH:D000081003,51119,17376717,delet,c.258+2T>C coexists with gross deletion in SBDS gene related to Shwachman-Diamond syndrome
MESH:D000081003,51119,17376717,"splice,mutat",c.258+2T>C is a common splicing mutation in Shwachman-Diamond syndrome
MESH:D000081003,51119,17376717,"found,mutat",c.258+2T>C is a mutation found in patients with Shwachman-Diamond syndrome
MESH:D000081003,51119,17376717,,c.258+2T>C is associated with Shwachman-Diamond syndrome
MESH:D000081003,51119,17376717,,c.258+2T>C is involved in the pathogenesis of Shwachman-Diamond syndrome
MESH:D000081003,51119,17376717,,c.258+2T>C is linked to hematological symptoms in Shwachman-Diamond syndrome
MESH:D000081003,51119,17376717,"found,mutat",c.258+2T>C is one of the mutations found in Shwachman-Diamond syndrome
MESH:D000081003,51119,17376717,molecular,c.258+2T>C is part of the molecular characterization of Shwachman-Diamond syndrome
MESH:D000081003,51119,17376717,,c.258+2T>C is related to Shwachman-Diamond syndrome
MESH:D000081003,51119,17376717,molecular,c.258+2T>C was detected during routine molecular screening for Shwachman-Diamond syndrome
MESH:D000081003,51119,17376717,,c.258+2T>C was detected in a patient with Shwachman-Diamond syndrome
MESH:D000081003,51119,17376717,,c.258+374_459+250del arises from an excision event mediated by AluSx elements in Shwachman-Diamond syndrome
MESH:D000081003,51119,17376717,"identifi,novel,mutat",c.258+374_459+250del is a novel mutation identified in Shwachman-Diamond syndrome
MESH:D000081003,51119,17376717,,c.258+374_459+250del is associated with Shwachman-Diamond syndrome
MESH:D000081003,51119,17376717,,c.258+374_459+250del is detected in patients with Shwachman-Diamond syndrome
MESH:D000081003,51119,17376717,"result,delet",c.258+374_459+250del results in an internally deleted polypeptide relevant to Shwachman-Diamond syndrome
MESH:D000081003,51119,17376717,,c.258+374_459+250del should be considered in the diagnostic setting for Shwachman-Diamond syndrome
MESH:D000081003,51119,17376717,"identifi,mutat",p.Ile87_Gln153del is a mutation identified in a patient with Shwachman-Diamond syndrome
MESH:D000081003,51119,17376717,,p.Ile87_Gln153del is associated with Shwachman-Diamond syndrome
MESH:D000081003,51119,17376717,,p.Ile87_Gln153del is detected in a patient with Shwachman-Diamond syndrome
MESH:D000081003,51119,17400792,,183TA-->CT contributes to the severity of Shwachman-Diamond syndrome
MESH:D000081003,51119,17400792,mutat,183TA-->CT is a mutation associated with Shwachman-Diamond syndrome
MESH:D000081003,51119,17400792,"caus,mutat",183TA-->CT is a mutation causing Shwachman-Diamond syndrome
MESH:D000081003,51119,17400792,mutat,183TA-->CT is a recurrent mutation in Shwachman-Diamond syndrome
MESH:D000081003,51119,17400792,found,183TA-->CT is found in a patient with Shwachman-Diamond syndrome
MESH:D000081003,51119,17400792,"result,manifest",183TA-->CT results in skeletal manifestations in Shwachman-Diamond syndrome
MESH:D000081003,51119,17400792,manifest,258+2T-->C contributes to neonatal skeletal manifestations in Shwachman-Diamond syndrome
MESH:D000081003,51119,17400792,mutat,258+2T-->C is a mutation associated with Shwachman-Diamond syndrome
MESH:D000081003,51119,17400792,mutat,258+2T-->C is one of the recurrent mutations in Shwachman-Diamond syndrome
MESH:D000081003,51119,17400792,found,258+2T-->C was found in a British boy with Shwachman-Diamond syndrome
MESH:D000081003,51119,17400792,mutat,79T-->C is a mutation associated with Shwachman-Diamond syndrome
MESH:D000081003,51119,17400792,mutat,79T-->C is a mutation in Shwachman-Diamond syndrome
MESH:D000081003,51119,17400792,causat,SBDS is a causative gene for Shwachman-Diamond syndrome
MESH:D000081003,51119,17400792,"expand,mutat,phenotyp",SBDS mutations expand the phenotypic spectrum of Shwachman-Diamond syndrome
MESH:D000081003,51119,17400792,"manifest,mutat,phenotyp",patients with SBDS mutations present with phenotypic manifestations of Shwachman-Diamond syndrome
MESH:D000081003,51119,17454774,,SBDS is associated with Shwachman-Diamond syndrome
MESH:D000081003,51119,17454774,mutat,SBDS is mutated in approximately 90% of patients with Shwachman-Diamond syndrome
MESH:D000081003,51119,17454774,"found,mutat",mutations in SBDS are found in approximately 90% of Shwachman-Diamond syndrome patients
MESH:D000081003,51119,17475909,,Loss of SBDS is associated with Shwachman-Diamond syndrome
MESH:D000081003,51119,17475909,"identifi,mutat",Mutations in the SBDS gene are identified in most patients with Shwachman-Diamond syndrome
MESH:D000081003,51119,17475909,,SBDS complements the actinomycin D hypersensitivity of SDS patient cells
MESH:D000081003,51119,17475909,"encod,unknown",SBDS encodes a protein of unknown function related to Shwachman-Diamond syndrome
MESH:D000081003,51119,17475909,,SBDS is associated with Shwachman-Diamond syndrome
MESH:D000081003,51119,17475909,,SBDS plays a role in ribosome biogenesis related to Shwachman-Diamond syndrome
MESH:D000081003,51119,17478638,,258 + 2 T>C is associated with Shwachman-Diamond syndrome
MESH:D000081003,51119,17478638,found,258 + 2 T>C is found in patients with Shwachman-Diamond syndrome
MESH:D000081003,51119,17478638,identifi,258 + 2 T>C is identified in SDS patients
MESH:D000081003,51119,17478638,"previous,identifi",258 + 2 T>C was previously identified in SDS patients
MESH:D000081003,51119,17478638,caus,SBDS causes Shwachman-Diamond syndrome
MESH:D000081003,51119,17478638,"identifi,mutat",SBDS gene mutation identified in SDS patients
MESH:D000081003,51119,17478638,"previous,identifi,mutat",SBDS mutation is previously identified in SDS patients
MESH:D000081003,51119,17638857,,SBDS expression is inhibited in Shwachman-Diamond syndrome patients
MESH:D000081003,51119,17638857,,SBDS is associated with Shwachman-Diamond syndrome
MESH:D000081003,51119,17638857,"caus,mutat",SBDS mutations cause Shwachman-Diamond syndrome
MESH:D000081003,51119,17638857,,SBDS plays a role in hematopoiesis in Shwachman-Diamond syndrome
MESH:D000081003,51119,17638857,,SBDS plays a role in hematopoietic dysfunction in Shwachman-Diamond syndrome
MESH:D000081003,51119,17638857,,inhibition of SBDS impairs hematopoiesis related to Shwachman-Diamond syndrome
MESH:D000081003,51119,17643419,,SBDS affects expression of genes involved in brain development in SDS
MESH:D000081003,51119,17643419,,SBDS affects gene expression in SDS
MESH:D000081003,51119,17643419,encod,SBDS encodes a protein related to SDS
MESH:D000081003,51119,17643419,mutat,SBDS involves mutations linked to SDS
MESH:D000081003,51119,17643419,,SBDS is associated with SDS
MESH:D000081003,51119,17643419,,SBDS is required for proper development in SDS
MESH:D000081003,51119,17643419,,SBDS knock-down affects gene expression in SDS
MESH:D000081003,51119,17643419,,SBDS reveals accumulation of small RNA in SDS
MESH:D000081003,51119,17916435,,SBDS affects Shwachman-Diamond syndrome
MESH:D000081003,51119,17916435,mutat,SBDS has documented mutations associated with Shwachman-Diamond syndrome
MESH:D000081003,51119,17916435,causat,SBDS is a causative gene for Shwachman-Diamond syndrome
MESH:D000081003,51119,17916435,,SBDS is associated with Shwachman-Diamond syndrome
MESH:D000081003,51119,17916435,"causat,identifi",SBDS was identified as a causative gene for Shwachman-Diamond syndrome
MESH:D000081003,51119,17920346,caus,SBDS causes Shwachman-Diamond syndrome
MESH:D000081003,51119,17920346,,SBDS gene is linked to exocrine pancreatic insufficiency in Shwachman-Diamond syndrome
MESH:D000081003,51119,17920346,,SBDS is associated with Shwachman-Diamond syndrome
MESH:D000081003,51119,17920346,,SBDS plays a role in osteoporosis in patients with Shwachman-Diamond syndrome
MESH:D000081003,51119,17920346,mutat,patients with SBDS mutations exhibit Shwachman-Diamond syndrome
MESH:D000081003,51119,18190602,,SBDS gene is linked to Shwachman-Diamond syndrome
MESH:D000081003,51119,18190602,mutat,SBDS gene mutations are recognized in Shwachman-Diamond syndrome
MESH:D000081003,51119,18190602,,SBDS is a gene associated with Shwachman-Diamond syndrome
MESH:D000081003,51119,18190602,mutat,SBDS is a mutation in Shwachman-Diamond syndrome
MESH:D000081003,51119,18190602,"identifi,molecular,defect",SBDS is identified as a molecular defect in Shwachman-Diamond syndrome
MESH:D000081003,51119,18190602,defect,SBDS is involved in the genetic defect of Shwachman-Diamond syndrome
MESH:D000081003,51119,18190602,"identifi,molecular,mutat,defect",mutations in SBDS are identified as molecular defects in Shwachman-Diamond syndrome
MESH:D000081003,51119,18190602,"caus,mutat",mutations in the SBDS gene may cause Shwachman-Diamond syndrome
MESH:D000081003,51119,18190602,mutat,patients with mutated SBDS may have Shwachman-Diamond syndrome features
MESH:D000081003,51119,18280855,mutat,Patients with SBDS mutations often present with Shwachman-Diamond syndrome
MESH:D000081003,51119,18280855,,SBDS genotype correlates with pancreatic MRI findings in Shwachman-Diamond syndrome
MESH:D000081003,51119,18280855,,SBDS is associated with Shwachman-Diamond syndrome
MESH:D000081003,51119,18280855,,SBDS is linked to fat-replaced pancreas in Shwachman-Diamond syndrome
MESH:D000081003,51119,18280855,,SBDS is related to Shwachman-Diamond syndrome
MESH:D000081003,51119,18280855,mutat,SBDS mutations are correlated with Shwachman-Diamond syndrome
MESH:D000081003,51119,18280855,"found,mutat",SBDS mutations are found in patients with Shwachman-Diamond syndrome
MESH:D000081003,51119,18324336,predisposit,SBDS associated with leukemia predisposition in Shwachman-Diamond syndrome
MESH:D000081003,51119,18324336,,SBDS contributes to bone marrow failure and leukemogenesis in SDS
MESH:D000081003,51119,18324336,"result,defici",SBDS deficiencies result in Shwachman-Diamond syndrome
MESH:D000081003,51119,18324336,encod,SBDS encodes a protein associated with Shwachman-Diamond syndrome
MESH:D000081003,51119,18324336,,SBDS is responsible for genomic instability in Shwachman-Diamond syndrome
MESH:D000081003,51119,18324336,result,SBDS results in Shwachman-Diamond syndrome
MESH:D000081003,51119,18324336,,SBDS stabilizes mitotic spindle in Shwachman-Diamond syndrome
MESH:D000081003,51119,18356737,"caus,defect",SBDS defect causes Shwachman-Diamond syndrome
MESH:D000081003,51119,18356737,,SBDS exists as a nucleolar protein in Shwachman-Diamond syndrome
MESH:D000081003,51119,18356737,,SBDS is a protein related to Shwachman-Diamond syndrome
MESH:D000081003,51119,18356737,,SBDS is associated with Shwachman-Diamond syndrome
MESH:D000081003,51119,18356737,,SBDS is essential for normal pancreas development in Shwachman-Diamond syndrome
MESH:D000081003,51119,18356737,,SBDS plays a role in myeloid development related to Shwachman-Diamond syndrome
MESH:D000081003,51119,18356737,,SBDS plays a role in the development of Shwachman-Diamond syndrome
MESH:D000081003,51119,18478597,,SBDS is associated with Shwachman-Diamond syndrome
MESH:D000081003,51119,18478597,"found,mutat",SBDS mutations are found in patients with Shwachman-Diamond syndrome
MESH:D000081003,51119,18646182,,SBDS is a gene involved in Shwachman-Diamond syndrome
MESH:D000081003,51119,18646182,,SBDS is a gene related to Shwachman-Diamond syndrome
MESH:D000081003,51119,18646182,mutat,SBDS mutations are associated with Shwachman-Diamond syndrome
MESH:D000081003,51119,18646182,"lead,mutat",SBDS mutations lead to Shwachman-Diamond syndrome
MESH:D000081003,51119,19009351,,SBDS is associated with Shwachman-Diamond syndrome
MESH:D000081003,51119,19009351,,SBDS is involved in Fas-mediated apoptosis in Shwachman-Diamond syndrome
MESH:D000081003,51119,19009351,mutat,SBDS mutations are present in most patients with Shwachman-Diamond syndrome
MESH:D000081003,51119,19009351,"caus,mutat",SBDS mutations cause Shwachman-Diamond syndrome
MESH:D000081003,51119,19014892,caus,SBDS causes Shwachman-Diamond syndrome
MESH:D000081003,51119,19014892,lead,SBDS depletion leads to growth inhibition in cells related to Shwachman-Diamond syndrome
MESH:D000081003,51119,19014892,"lead,mutat",SBDS has mutations that lead to Shwachman-Diamond syndrome
MESH:D000081003,51119,19014892,"lead,mutat",SBDS has mutations that lead to skeletal abnormalities in SDS
MESH:D000081003,51119,19014892,,SBDS is depleted in Shwachman-Diamond syndrome patients
MESH:D000081003,51119,19016724,congenit,SBDS is associated with congenital Shwachman Diamond syndrome
MESH:D000081003,51119,19016724,congenit,SBDS underlies congenital Shwachman Diamond syndrome (SDS)
MESH:D000081003,51119,19016724,"caus,mutat,congenit",SBDS/7q11 gene mutations cause congenital Shwachman Diamond syndrome
MESH:D000081003,51119,19148133,caus,SBDS causes Shwachman-Diamond syndrome
MESH:D000081003,51119,19148133,,SBDS gene is located on chromosome 7 in Shwachman syndrome
MESH:D000081003,51119,19148133,"caus,mutat",SBDS is caused by mutations in Shwachman syndrome
MESH:D000081003,51119,19148133,mutat,SBDS mutations are common in Shwachman-Diamond syndrome
MESH:D000081003,51119,19148133,mutat,SBDS mutations increase risk of myelodysplastic syndrome and/or acute myeloid leukaemia (MDS/AML) in SDS
MESH:D000081003,51119,19148133,caus,c.183_184TA>CT causes Shwachman syndrome
MESH:D000081003,51119,19148133,,c.183_184TA>CT contributes to the risk of myelodysplastic syndrome in Shwachman syndrome
MESH:D000081003,51119,19148133,"caus,mutat",c.183_184TA>CT is a common mutation causing Shwachman-Diamond syndrome (SDS)
MESH:D000081003,51119,19148133,mutat,c.183_184TA>CT is a mutation associated with Shwachman syndrome
MESH:D000081003,51119,19148133,found,c.183_184TA>CT is found in patients with Shwachman syndrome
MESH:D000081003,51119,19148133,,c.183_184TA>CT is localized on chromosome 7 related to Shwachman syndrome
MESH:D000081003,51119,19148133,mutat,c.183_184TA>CT is one of the common mutations in Shwachman syndrome
MESH:D000081003,51119,19148133,,c.183_184TA>CT is present in nearly 90% of Shwachman syndrome cases
MESH:D000081003,51119,19148133,result,c.183_184TA>CT results in exocrine pancreatic insufficiency in Shwachman syndrome
MESH:D000081003,51119,19148133,,c.258+2T>C contributes to low incidence of MDS/AML in SDS patients
MESH:D000081003,51119,19148133,mutat,c.258+2T>C is a mutation associated with Shwachman-Diamond syndrome
MESH:D000081003,51119,19148133,"caus,mutat",c.258+2T>C is a mutation causing Shwachman-Diamond syndrome
MESH:D000081003,51119,19148133,,c.258+2T>C is associated with Shwachman syndrome
MESH:D000081003,51119,19148133,,c.258+2T>C is associated with a low incidence of MDS/AML in SDS patients
MESH:D000081003,51119,19148133,"compound,mutat",c.258+2T>C is present in compound heterozygotes for SBDS mutations in Shwachman syndrome
MESH:D000081003,51119,19148133,,c.258+2T>C is present in patients with Shwachman syndrome
MESH:D000081003,51119,19211642,,SBDS is involved in neutrophil chemotaxis impairment in Shwachman-Diamond syndrome
MESH:D000081003,51119,19211642,mutat,SBDS is mutated in Shwachman-Diamond syndrome patients
MESH:D000081003,51119,19211642,"caus,mutat",SBDS mutations cause Shwachman-Diamond syndrome
MESH:D000081003,51119,19222471,histori,SBDS affects the natural history of Shwachman-Diamond syndrome
MESH:D000081003,51119,19222471,caus,SBDS causes karyotype instability in Shwachman-Diamond syndrome
MESH:D000081003,51119,19222471,mutat,SBDS contributes to mutator effect in Shwachman-Diamond syndrome
MESH:D000081003,51119,19222471,,SBDS contributes to the development of MDS/AML in Shwachman-Diamond syndrome
MESH:D000081003,51119,19222471,,SBDS is associated with clonal anomalies in Shwachman-Diamond syndrome
MESH:D000081003,51119,19222471,,SBDS is involved in karyotype instability in Shwachman-Diamond syndrome
MESH:D000081003,51119,19222471,,SBDS is linked to Shwachman-Diamond syndrome
MESH:D000081003,51119,19222471,,SBDS protein is lacking in Shwachman-Diamond syndrome
MESH:D000081003,51119,19222471,absenc,absence of SBDS protein promotes clonal anomalies in Shwachman-Diamond syndrome
MESH:D000081003,51119,19222471,,lack of SBDS protein is part of Shwachman-Diamond syndrome
MESH:D000081003,51119,19438500,,SBDS is associated with Shwachman-Diamond Syndrome
MESH:D000081003,51119,19602484,,SBDS implicated in cellular stress responses related to Shwachman-Diamond syndrome
MESH:D000081003,51119,19602484,,SBDS is associated with Shwachman-Diamond syndrome
MESH:D000081003,51119,19602484,,SBDS is implicated in ribosome biogenesis in relation to Shwachman-Diamond syndrome
MESH:D000081003,51119,19602484,"result,loss-of-funct,mutat",SBDS results in loss-of-function mutations in Shwachman-Diamond syndrome
MESH:D000081003,51119,19683257,mutat,Patients with SBDS mutations are diagnosed with Shwachman-Diamond syndrome
MESH:D000081003,51119,19683257,,SBDS is associated with Shwachman-Diamond syndrome
MESH:D000081003,51119,19683257,,SBDS is involved in hepatopathy related to Shwachman-Diamond syndrome
MESH:D000081003,51119,19683257,mutat,SBDS mutations are verified in patients with Shwachman-Diamond syndrome
MESH:D000081003,51119,19683257,"caus,mutat",SBDS mutations cause Shwachman-Diamond syndrome
MESH:D000081003,51119,19683257,mutat,patients with SBDS mutations have Shwachman-Diamond syndrome
MESH:D000081003,51119,20015955,,SBDS is associated with Shwachman-Bodian-Diamond syndrome
MESH:D000081003,51119,20015955,mutat,SBDS is mutated in Shwachman-Bodian-Diamond syndrome
MESH:D000081003,51119,20301722,caus,SBDS can cause Shwachman-Diamond syndrome
MESH:D000081003,51119,20301722,,SBDS is associated with Shwachman-Diamond syndrome
MESH:D000081003,51119,20301722,inherit,SBDS is linked to autosomal recessive inheritance of Shwachman-Diamond syndrome
MESH:D000081003,51119,20301722,,SBDS is linked to clinical characteristics of Shwachman-Diamond syndrome
MESH:D000081003,51119,20301722,"caus,mutat",SBDS mutations can cause Shwachman-Diamond syndrome
MESH:D000081003,51119,20512054,caus,SBDS causes Shwachman-Diamond syndrome
MESH:D000081003,51119,20512054,,SBDS is associated with exocrine pancreatic issues in Shwachman-Diamond syndrome
MESH:D000081003,51119,20512054,,SBDS is associated with generalized functional abnormality in Shwachman-Diamond syndrome
MESH:D000081003,51119,20512054,"caus,mutat",SBDS is associated with mutations causing Shwachman-Diamond syndrome
MESH:D000081003,51119,20512054,defect,SBDS is linked to acinar cell function defect in Shwachman-Diamond syndrome
MESH:D000081003,51119,20512054,mutat,SBDS is mutated in Shwachman-Diamond syndrome
MESH:D000081003,51119,20512054,defect,SBDS is related to defects in acinar cell function in Shwachman-Diamond syndrome
MESH:D000081003,51119,20804090,caus,SBDS causes Shwachman-Diamond syndrome
MESH:D000081003,51119,20804090,,SBDS is a gene associated with Shwachman-Diamond syndrome
MESH:D000081003,51119,20804090,,SBDS is linked to increased risk of leukaemia in Shwachman-Diamond syndrome
MESH:D000081003,51119,20804090,,SBDS is related to malabsorption in Shwachman-Diamond syndrome
MESH:D000081003,51119,20804090,,SBDS is responsible for Shwachman-Diamond syndrome
MESH:D000081003,51119,20804090,"lead,mutat",SBDS mutations lead to cardinal symptoms of Shwachman-Diamond syndrome
MESH:D000081003,51119,20804090,"lead,mutat",SBDS mutations lead to exocrine pancreatic insufficiency and bone marrow dysfunction in Shwachman-Diamond syndrome
MESH:D000081003,51119,20979173,,SBDS affects cell growth in Shwachman-Diamond syndrome
MESH:D000081003,51119,20979173,mutat,SBDS has mutations in Shwachman-Diamond syndrome patients
MESH:D000081003,51119,20979173,,SBDS is associated with Shwachman-Diamond syndrome
MESH:D000081003,51119,20979173,,SBDS is related to Shwachman-Diamond syndrome
MESH:D000081003,51119,20979173,,SBDS regulates apoptosis in Shwachman-Diamond syndrome
MESH:D000081003,51119,20979173,result,SBDS-deficiency results in increased apoptosis in Shwachman-Diamond syndrome
MESH:D000081003,51119,21062271,mutat,Patients with SBDS mutations may develop Shwachman-Diamond syndrome
MESH:D000081003,51119,21062271,,SBDS is associated with Shwachman-Diamond syndrome
MESH:D000081003,51119,21062271,,SBDS is implicated in ribosomopathies related to Shwachman-Diamond syndrome
MESH:D000081003,51119,21062271,"found,mutat",SBDS mutation is found in patients with Shwachman-Diamond syndrome
MESH:D000081003,51119,21062271,mutat,SBDS mutations in Shwachman-Diamond syndrome
MESH:D000081003,51119,21084708,,SBDS is associated with Shwachman-Diamond syndrome
MESH:D000081003,51119,21084708,,SBDS is required for Shwachman-Diamond syndrome
MESH:D000081003,51119,21435510,,SBDS contributes to neurocognitive dysfunction in SDS
MESH:D000081003,51119,21435510,,SBDS is associated with SDS
MESH:D000081003,51119,21435510,,SBDS is involved in pancreatic dysfunction in SDS
MESH:D000081003,51119,21435510,,SBDS is linked to bony abnormalities in SDS
MESH:D000081003,51119,21435510,,SBDS is linked to impaired hematopoiesis in SDS
MESH:D000081003,51119,21435510,"caus,mutat",SBDS mutations cause SDS
MESH:D000081003,51119,21435510,,SBDS plays a role in bony abnormalities in SDS
MESH:D000081003,51119,21536731,caus,SBDS is the most common cause of Shwachman-Diamond syndrome
MESH:D000081003,51119,21536731,,SBDS may underlie Shwachman-Diamond syndrome
MESH:D000081003,51119,21536731,,SBDS supports the idea that a ribosomopathy may underlie Shwachman-Diamond syndrome
MESH:D000081003,51119,21536732,,SBDS has a role in the pathogenesis of Shwachman-Diamond syndrome
MESH:D000081003,51119,21536732,,SBDS is associated with Shwachman-Diamond syndrome
MESH:D000081003,51119,21536732,,SBDS is essential for the function related to Shwachman-Diamond syndrome
MESH:D000081003,51119,21536732,mutat,SBDS is mutated in Shwachman-Diamond syndrome
MESH:D000081003,51119,21536732,,SBDS plays a role in the mechanism of Shwachman-Diamond syndrome
MESH:D000081003,51119,21659346,,SBDS is a gene involved in Shwachman-Diamond syndrome
MESH:D000081003,51119,21659346,mutat,SBDS is a mutated gene in Shwachman-Diamond syndrome
MESH:D000081003,51119,21659346,,SBDS is associated with Shwachman-Diamond syndrome
MESH:D000081003,51119,21659346,,SBDS is involved in the pathogenesis of Shwachman-Diamond syndrome
MESH:D000081003,51119,21659346,mutat,SBDS is the most commonly mutated gene in Shwachman-Diamond syndrome
MESH:D000081003,51119,21659346,"caus,mutat",SBDS mutations cause Shwachman-Diamond syndrome
MESH:D000081003,51119,21660439,,Low expression of SBDS may be associated with the pathogenesis of Shwachman-Diamond syndrome
MESH:D000081003,51119,21660439,"identifi,mutat",Mutations in the SBDS gene are identified in patients with Shwachman-Diamond syndrome
MESH:D000081003,51119,21660439,,SBDS is associated with Shwachman-Diamond syndrome
MESH:D000081003,51119,21660439,mutat,SBDS is mutated in Shwachman-Diamond syndrome
MESH:D000081003,51119,21660439,mutat,SBDS mutations in most patients with Shwachman-Diamond syndrome
MESH:D000081003,51119,21660439,mutat,mutated SBDS protein may be associated with pathogenesis of Shwachman-Diamond syndrome
MESH:D000081003,51119,21803848,"harbor,defect",SBDS harbors a striking defect in ribosomal subunit joining in SDS patients
MESH:D000081003,51119,21803848,,SBDS impacts ribosomal subunit joining in SDS patient lymphoblasts
MESH:D000081003,51119,21803848,"caus,mutat",SBDS is caused by mutations in Shwachman-Diamond syndrome
MESH:D000081003,51119,21803848,defect,SBDS protein level is inversely proportional to ribosomal subunit joining defect in SDS patients
MESH:D000081003,51119,22191555,caus,SBDS causes Shwachman-Diamond syndrome
MESH:D000081003,51119,22191555,,SBDS is a gene associated with Shwachman-Diamond syndrome
MESH:D000081003,51119,22191555,,SBDS is associated with SDS
MESH:D000081003,51119,22191555,,SBDS is linked to Shwachman-Diamond syndrome
MESH:D000081003,51119,22213587,predisposit,SBDS contributes to cancer predisposition in Shwachman Diamond syndrome
MESH:D000081003,51119,22213587,caus,SBDS is a cause of Shwachman Diamond syndrome
MESH:D000081003,51119,22213587,,SBDS is a gene related to Shwachman Diamond syndrome
MESH:D000081003,51119,22213587,,SBDS is associated with Shwachman Diamond syndrome
MESH:D000081003,51119,22271888,mutat,Patients with SBDS gene mutation have Shwachman-Diamond syndrome
MESH:D000081003,51119,22271888,,SBDS contributes to bone marrow dysfunction in Shwachman-Diamond syndrome
MESH:D000081003,51119,22271888,,SBDS is associated with Shwachman-Diamond syndrome
MESH:D000081003,51119,22271888,,SBDS is involved in the pathogenesis of Shwachman-Diamond syndrome
MESH:D000081003,51119,22271888,"lead,mutat",SBDS mutations lead to neutropenia in Shwachman-Diamond syndrome
MESH:D000081003,51119,22491737,,SBDS is a gene linked to Shwachman-Diamond syndrome
MESH:D000081003,51119,22491737,,SBDS is associated with Shwachman-Diamond syndrome
MESH:D000081003,51119,22491737,,SBDS is studied in patients with Shwachman-Diamond syndrome
MESH:D000081003,51119,22491737,mutat,SBDS mutations affect patients with Shwachman-Diamond syndrome
MESH:D000081003,51119,22491737,"identifi,mutat",SBDS mutations were identified in patients with Shwachman-Diamond syndrome
MESH:D000081003,51119,22491737,,SBDS plays a role in the clinical features of Shwachman-Diamond syndrome
MESH:D000081003,51119,22491737,,SBDS plays a role in the development of Shwachman-Diamond syndrome
MESH:D000081003,51119,22510201,,SBDS is associated with Shwachman-Diamond syndrome
MESH:D000081003,51119,22510201,"lead,mutat",SBDS mutations lead to features of Shwachman-Diamond syndrome
MESH:D000081003,51119,22510201,"loss-of-funct,mutat",biallelic loss-of-function mutations in SBDS are present in more than 90% of patients with SDS
MESH:D000081003,51119,22510201,phenotyp,disruption of SBDS recapitulates SDS phenotypes
MESH:D000081003,51119,22510201,"lead,mutat",mutations in SBDS lead to features of Shwachman-Diamond syndrome
MESH:D000081003,51119,22992231,caus,SBDS causes Shwachman-Diamond syndrome
MESH:D000081003,51119,22992231,,SBDS gene is associated with Shwachman-Diamond syndrome
MESH:D000081003,51119,22992231,,SBDS is associated with hematological complications in Shwachman-Diamond syndrome
MESH:D000081003,51119,22992231,,SBDS is linked to exocrine pancreatic insufficiency and bone marrow failure in Shwachman-Diamond syndrome
MESH:D000081003,51119,22992231,mutat,SBDS is mutated in Shwachman-Diamond syndrome
MESH:D000081003,51119,22997148,lead,Knockdown of SBDS leads to growth inhibition in Shwachman-Diamond syndrome
MESH:D000081003,51119,22997148,,SBDS is associated with Shwachman-Diamond syndrome
MESH:D000081003,51119,22997148,,SBDS is implicated in pancreatic exocrine dysfunction in Shwachman-Diamond syndrome
MESH:D000081003,51119,22997148,,SBDS is needed for nuclear export of pre-60S subunits in Shwachman-Diamond syndrome
MESH:D000081003,51119,22997148,lead,SBDS leads to marrow failure in Shwachman-Diamond syndrome
MESH:D000081003,51119,22997148,,SBDS plays a role in ribosome maturation in Shwachman-Diamond syndrome
MESH:D000081003,51119,23115272,defect,Introduction of a wild-type SBDS cDNA corrected the ribosomal association defect in SDS patient cells
MESH:D000081003,51119,23115272,defect,SBDS correction improves ribosomal association defect in Shwachman-Diamond syndrome patients
MESH:D000081003,51119,23115272,,SBDS expression is abrogated in nonhuman models of Shwachman-Diamond syndrome
MESH:D000081003,51119,23115272,,SBDS facilitates release of eIF6 in Shwachman-Diamond syndrome
MESH:D000081003,51119,23115272,,SBDS is associated with Shwachman-Diamond syndrome
MESH:D000081003,51119,23115272,mutat,SBDS is mutated in Shwachman-Diamond syndrome
MESH:D000081003,51119,23115272,,SBDS levels are low in Shwachman-Diamond syndrome patients
MESH:D000081003,51119,23115272,result,SBDS results in low levels of SBDS protein in SDS patients
MESH:D000081003,51119,23792098,encod,SBDS encodes a protein involved in Shwachman Diamond syndrome
MESH:D000081003,51119,23792098,,SBDS expression is reduced in Shwachman Diamond syndrome
MESH:D000081003,51119,23792098,,SBDS has reduced expression in Shwachman Diamond syndrome
MESH:D000081003,51119,23792098,,SBDS is affected in Shwachman Diamond syndrome
MESH:D000081003,51119,23792098,,SBDS is involved in mitochondrial function impairment in SDS
MESH:D000081003,51119,23792098,,SBDS plays a role in the pathophysiology of Shwachman Diamond syndrome
MESH:D000081003,51119,23831625,,SBDS acts as a nucleotide exchange factor in the context of Shwachman-Diamond syndrome
MESH:D000081003,51119,23831625,,SBDS is a protein involved in Shwachman-Diamond syndrome
MESH:D000081003,51119,23831625,,SBDS is associated with Shwachman-Diamond syndrome
MESH:D000081003,51119,23831625,mutat,SBDS is mutated in Shwachman-Diamond syndrome
MESH:D000081003,51119,23831625,mutat,SBDS is the protein mutated in Shwachman-Diamond syndrome
MESH:D000081003,51119,23831625,,SBDS plays a role in Shwachman-Diamond syndrome
MESH:D000081003,51119,24330988,,SBDS gene is involved in Shwachman-Diamond syndrome
MESH:D000081003,51119,24330988,,SBDS is a gene linked to Shwachman-Diamond syndrome
MESH:D000081003,51119,24330988,,SBDS is a gene responsible for Shwachman-Diamond syndrome
MESH:D000081003,51119,24330988,mutat,SBDS mutations are associated with Shwachman-Diamond syndrome
MESH:D000081003,51119,24330988,"found,mutat",SBDS mutations are found in Shwachman-Diamond syndrome
MESH:D000081003,51119,24330988,"caus,mutat",SBDS mutations cause Shwachman-Diamond syndrome
MESH:D000081003,51119,24330988,,c.183_184TA > CT contributes to clinical features of Shwachman-Diamond syndrome
MESH:D000081003,51119,24330988,,c.183_184TA > CT contributes to symptoms of Shwachman-Diamond syndrome
MESH:D000081003,51119,24330988,,c.183_184TA > CT is associated with Shwachman-Diamond syndrome
MESH:D000081003,51119,24330988,compound,c.183_184TA > CT is characterized as a compound heterozygous genotype in SDS cases
MESH:D000081003,51119,24330988,found,c.183_184TA > CT is found in SDS patients
MESH:D000081003,51119,24330988,occur,c.183_184TA > CT occurs in patients with Shwachman-Diamond syndrome
MESH:D000081003,51119,24330988,identifi,c.183_184TA > CT was identified in two cases of Shwachman-Diamond syndrome
MESH:D000081003,51119,24330988,,c.258+2T > C contributes to the characteristics of Shwachman-Diamond syndrome
MESH:D000081003,51119,24330988,,c.258+2T > C contributes to the clinical features of Shwachman-Diamond syndrome
MESH:D000081003,51119,24330988,mutat,c.258+2T > C is a genetic mutation linked to Shwachman-Diamond syndrome
MESH:D000081003,51119,24330988,mutat,c.258+2T > C is a type of Shwachman-Diamond syndrome gene mutation
MESH:D000081003,51119,24330988,,c.258+2T > C is associated with Shwachman-Diamond syndrome
MESH:D000081003,51119,24330988,,c.258+2T > C is associated with characteristic exocrine pancreatic insufficiency in Shwachman-Diamond syndrome
MESH:D000081003,51119,24330988,found,c.258+2T > C is found in patients with Shwachman-Diamond syndrome
MESH:D000081003,51119,24330988,compound,c.258+2T > C is part of the compound heterozygous genotype in Shwachman-Diamond syndrome
MESH:D000081003,51119,24330988,,c.258+2T > C was analyzed in cases of Shwachman-Diamond syndrome
MESH:D000081003,51119,24330988,found,c.258+2T > C was found in the analyzed cases of Shwachman-Diamond syndrome
MESH:D000081003,51119,24330988,identifi,c.258+2T > C was identified in two cases of Shwachman-Diamond syndrome
MESH:D000081003,51119,24426364,,184TA-CT contributes to Shwachman-Diamond syndrome
MESH:D000081003,51119,24426364,,184TA-CT contributes to diagnosis of Shwachman-Diamond syndrome
MESH:D000081003,51119,24426364,mutat,184TA-CT is a mutation associated with Shwachman-Diamond syndrome
MESH:D000081003,51119,24426364,,184TA-CT is linked to Shwachman-Diamond syndrome
MESH:D000081003,51119,24426364,"caus,compound,mutat",184TA-CT is part of the compound heterozygous mutations causing Shwachman-Diamond syndrome
MESH:D000081003,51119,24426364,,184TA-CT is part of the genetic analysis for Shwachman-Diamond syndrome
MESH:D000081003,51119,24426364,,184TA-CT reveals Shwachman-Diamond syndrome
MESH:D000081003,51119,24426364,identifi,184TA-CT was identified in the diagnosis of Shwachman-Diamond syndrome
MESH:D000081003,51119,24426364,identifi,184TA-CT was identified in the genetic analysis for Shwachman-Diamond syndrome
MESH:D000081003,51119,24426364,identifi,184TA-CT was identified in the patient with Shwachman-Diamond syndrome
MESH:D000081003,51119,24426364,"caus,mutat",SBDS gene mutation causes Shwachman-Diamond syndrome
MESH:D000081003,51119,24426364,mutat,SBDS has mutations c.258+2T-C and c.183-184TA-CT related to Shwachman-Diamond syndrome
MESH:D000081003,51119,24426364,,SBDS is associated with Shwachman-Diamond syndrome
MESH:D000081003,51119,24426364,"compound,mutat",SBDS revealed compound heterozygous mutation in Shwachman-Diamond syndrome
MESH:D000081003,51119,24426364,mutat,SBDS reveals mutations related to Shwachman-Diamond syndrome
MESH:D000081003,51119,24426364,,SBDS was analyzed in the diagnosis of Shwachman-Diamond syndrome
MESH:D000081003,51119,24426364,confirm,c.258+2T-C confirms Shwachman-Diamond syndrome diagnosis
MESH:D000081003,51119,24426364,,c.258+2T-C contributes to the diagnosis of Shwachman-Diamond syndrome
MESH:D000081003,51119,24426364,"found,mutat",c.258+2T-C is a mutation found in Shwachman-Diamond syndrome
MESH:D000081003,51119,24426364,"caus,mutat",c.258+2T-C is a mutation that causes Shwachman-Diamond syndrome
MESH:D000081003,51119,24426364,,c.258+2T-C is associated with Shwachman-Diamond syndrome
MESH:D000081003,51119,24426364,mutat,c.258+2T-C is one of the mutations associated with Shwachman-Diamond syndrome
MESH:D000081003,51119,24426364,,c.258+2T-C is present in the SBDS gene related to Shwachman-Diamond syndrome
MESH:D000081003,51119,24426364,identifi,c.258+2T-C was identified in a patient with Shwachman-Diamond syndrome
MESH:D000081003,51119,24426364,mutat,mutation 184TA-CT was revealed in the diagnosis of Shwachman-Diamond syndrome
MESH:D000081003,51119,24629175,,SBDS is associated with Shwachman-Diamond syndrome
MESH:D000081003,51119,24629175,mutat,SBDS is mutated in Shwachman-Diamond syndrome
MESH:D000081003,51119,24629175,caus,SBDS is the cause of Shwachman-Diamond syndrome
MESH:D000081003,51119,24629175,"lead,mutat",SBDS mutations lead to Shwachman-Diamond syndrome
MESH:D000081003,51119,24629175,caus,SBDS suppression causes genomic instability in Shwachman-Diamond syndrome
MESH:D000081003,51119,24772512,,SBDS gene is involved in Shwachman-Diamond syndrome
MESH:D000081003,51119,24772512,,SBDS gene is linked to exocrine pancreatic insufficiency in Shwachman-Diamond syndrome
MESH:D000081003,51119,24772512,"lead,mutat",SBDS gene mutations lead to Shwachman-Diamond syndrome
MESH:D000081003,51119,24772512,,SBDS is associated with Shwachman-Diamond syndrome
MESH:D000081003,51119,24772512,,SBDS plays a role in exocrine pancreatic insufficiency in Shwachman-Diamond syndrome
MESH:D000081003,51119,24772512,,SBDS plays a role in the development of Shwachman-Diamond syndrome
MESH:D000081003,51119,24898207,mutat,Locus-specific mutation in SBDS is related to SDS
MESH:D000081003,51119,24898207,"caus,mutat",Mutation in SBDS causes SDS
MESH:D000081003,51119,24898207,,SBDS contributes to the pathogenesis of SDS
MESH:D000081003,51119,24898207,,SBDS is associated with SDS
MESH:D000081003,51119,24898207,"point,mutat",SBDS lacks biallelic point mutations in SDS
MESH:D000081003,51119,24898207,inherit,SV in the SBDS locus is inherited from the father in SDS
MESH:D000081003,51119,24898207,,c.98A > C contributes to the pathogenesis of SDS
MESH:D000081003,51119,24898207,,c.98A > C is associated with SDS
MESH:D000081003,51119,24898207,,c.98A > C segregated in accordance with Mendelian expectations for autosomal recessive SDS
MESH:D000081003,51119,24898207,,c.98A > C segregates with autosomal recessive SDS
MESH:D000081003,51119,24898207,inherit,c.98A > C was inherited from the mother of the child with SDS
MESH:D000081003,51119,24898207,,p.K33T is associated with Shwachman-Diamond syndrome (SDS)
MESH:D000081003,51119,24898207,found,p.K33T is found in a patient with SDS
MESH:D000081003,51119,24898207,,p.K33T segregated in accordance with Mendelian expectations for SDS
MESH:D000081003,51119,24898207,,p.K33T segregated in accordance with Mendelian expectations for autosomal recessive SDS
MESH:D000081003,51119,24898207,identifi,p.K33T was identified in a patient with SDS
MESH:D000081003,51119,25269020,,c.258 + 2 T   C contributes to Shwachman-Bodian-Diamond syndrome
MESH:D000081003,51119,25269020,,c.258 + 2 T   C contributes to the diagnosis of Shwachman-Bodian-Diamond syndrome
MESH:D000081003,51119,25269020,mutat,c.258 + 2 T   C is a mutation in Shwachman-Bodian-Diamond syndrome
MESH:D000081003,51119,25269020,mutat,c.258 + 2 T   C is a type of gene mutation related to Shwachman-Bodian-Diamond syndrome
MESH:D000081003,51119,25269020,,c.258 + 2 T   C is associated with Shwachman-Bodian-Diamond syndrome
MESH:D000081003,51119,25269020,found,c.258 + 2 T   C is found in patients with Shwachman-Bodian-Diamond syndrome
MESH:D000081003,51119,25269020,mutat,c.258 + 2 T   C is part of the SBDS gene mutation
MESH:D000081003,51119,25269020,mutat,c.258 + 2 T   C is part of the genetic mutation in Shwachman-Bodian-Diamond syndrome
MESH:D000081003,51119,25269020,,c.258 + 2 T   C is part of the genetic profile for Shwachman-Bodian-Diamond syndrome
MESH:D000081003,51119,25870433,causat,SBDS is causative of Shwachman-Diamond syndrome pathology
MESH:D000081003,51119,25870433,,SBDS is involved in Shwachman-Diamond syndrome
MESH:D000081003,51119,25870433,"causat,known",SBDS is known to be causative of Shwachman-Diamond syndrome
MESH:D000081003,51119,25870433,"causat,known",SBDS is the only gene known to be causative of the pathology in Shwachman-Diamond syndrome
MESH:D000081003,51119,25870433,,SBDS sensitises cells to stressors in Shwachman-Diamond syndrome
MESH:D000081003,51119,25870433,,SBDS-deficient cells are derived from Shwachman-Diamond syndrome patients
MESH:D000081003,51119,25991726,mutat,S143L mutation in SBDS is present in Shwachman-Diamond syndrome
MESH:D000081003,51119,25991726,mutat,SBDS is mutated in Shwachman-Diamond syndrome
MESH:D000081003,51119,25991726,,SBDS loss of interaction with EFL1 contributes to Shwachman-Diamond syndrome
MESH:D000081003,51119,25991726,,loss of interaction between SBDS and EFL1 is associated with Shwachman-Diamond syndrome
MESH:D000081003,51119,25991726,mutat,mutations in SBDS prevent nucleotide exchange regulation on EFL1 in Shwachman-Diamond syndrome
MESH:D000081003,51119,26185170,defici,Sbds deficiency affects myelocytes in Shwachman-Diamond syndrome
MESH:D000081003,51119,26185170,"loss-of-funct,mutat",Sbds has loss-of-function mutations in Shwachman-Diamond syndrome
MESH:D000081003,51119,26185170,,Sbds is associated with Shwachman-Diamond syndrome
MESH:D000081003,51119,26185170,"loss-of-funct,mutat",Sbds is characterized by loss-of-function mutations in Shwachman-Diamond syndrome
MESH:D000081003,51119,26408650,,SBDS is associated with Shwachman-Diamond syndrome
MESH:D000081003,51119,26408650,,SBDS is implicated in Shwachman-Diamond syndrome
MESH:D000081003,51119,26479198,,SBDS is associated with leukemia-predisposition disorder Shwachman-Diamond syndrome
MESH:D000081003,51119,26479198,"inherit,defici",SBDS is deficient in the inherited leukemia-predisposition disorder Shwachman-Diamond syndrome
MESH:D000081003,51119,26743985,,SBDS associated with multi-system disorder characteristics in Shwachman-Diamond Syndrome
MESH:D000081003,51119,26743985,encod,SBDS encodes a highly conserved protein related to Shwachman-Diamond Syndrome
MESH:D000081003,51119,26743985,,SBDS implicated in ribosome biogenesis in Shwachman-Diamond Syndrome
MESH:D000081003,51119,26743985,,SBDS involves stress response pathways in Shwachman-Diamond Syndrome
MESH:D000081003,51119,26743985,,SBDS is associated with Shwachman-Diamond Syndrome
MESH:D000081003,51119,26743985,,SBDS is implicated in Shwachman-Diamond Syndrome
MESH:D000081003,51119,26743985,mutat,SBDS mutated in Shwachman-Diamond Syndrome
MESH:D000081003,51119,26743985,,SBDS plays a distinct role beyond protein translation in Shwachman-Diamond Syndrome
MESH:D000081003,51119,26743985,,SBDS plays a role in mechanisms of Shwachman-Diamond Syndrome
MESH:D000081003,51119,26743985,,SBDS plays a role in ribosome biogenesis related to Shwachman-Diamond Syndrome
MESH:D000081003,51119,26866830,caus,SBDS causes Shwachman-Diamond syndrome
MESH:D000081003,51119,26866830,"lead,defici",SBDS deficiency leads to Shwachman-Diamond syndrome
MESH:D000081003,51119,26866830,mutat,SBDS involves mutations in Shwachman-Diamond syndrome
MESH:D000081003,51119,26866830,,SBDS is associated with Shwachman-Diamond syndrome
MESH:D000081003,51119,26866830,,SBDS is linked to Shwachman-Diamond syndrome
MESH:D000081003,51119,26866830,mutat,SBDS is mutated in Shwachman-Diamond syndrome
MESH:D000081003,51119,26866830,"caus,mutat",SBDS mutations cause Shwachman-Diamond syndrome
MESH:D000081003,51119,26866830,,SBDS plays a role in Shwachman-Diamond syndrome
MESH:D000081003,51119,26866830,"caus,splice",c.258+2T>C causes aberrant splicing in Shwachman-Diamond syndrome
MESH:D000081003,51119,26866830,mutat,c.258+2T>C is a mutation associated with Shwachman-Diamond syndrome
MESH:D000081003,51119,26866830,"caus,splice,mutat",c.258+2T>C is a mutation causing aberrant splicing in Shwachman-Diamond syndrome
MESH:D000081003,51119,26866830,,c.258+2T>C is associated with clinical diagnosis of Shwachman-Diamond syndrome
MESH:D000081003,51119,26866830,"confirm,compound,mutat",c.258+2T>C is confirmed as a compound heterozygous mutation in Shwachman-Diamond syndrome
MESH:D000081003,51119,26866830,identifi,c.258+2T>C is identified in patients with Shwachman-Diamond syndrome
MESH:D000081003,51119,26866830,,c.258+2T>C is linked to muscle involvement in Shwachman-Diamond syndrome
MESH:D000081003,51119,26866830,"found,mutat",c.258+2T>C is one of the mutations found in Shwachman-Diamond syndrome
MESH:D000081003,51119,26866830,"compound,mutat",c.258+2T>C is part of the compound heterozygous mutations in Shwachman-Diamond syndrome
MESH:D000081003,51119,26866830,,c.258+2T>C was detected in a patient with Shwachman-Diamond syndrome
MESH:D000081003,51119,26866830,,c.258+2T>C was detected in the newborn with Shwachman-Diamond syndrome
MESH:D000081003,51119,26866830,identifi,c.258+2T>C was identified in the context of Shwachman-Diamond syndrome
MESH:D000081003,51119,26866830,mutat,c.41A>G is a mutation associated with Shwachman-Diamond syndrome
MESH:D000081003,51119,26866830,"found,compound,mutat",c.41A>G is a variant found in compound heterozygous mutations in Shwachman-Diamond syndrome
MESH:D000081003,51119,26866830,,c.41A>G is a variant in Shwachman-Diamond syndrome
MESH:D000081003,51119,26866830,,c.41A>G is considered to be damaging for the protein structure in Shwachman-Diamond syndrome
MESH:D000081003,51119,26866830,,c.41A>G is involved in the genetic diagnosis of Shwachman-Diamond syndrome
MESH:D000081003,51119,26866830,basi,c.41A>G is linked to the genetic basis of Shwachman-Diamond syndrome
MESH:D000081003,51119,26866830,,c.41A>G was detected in a patient with Shwachman-Diamond syndrome
MESH:D000081003,51119,26866830,"confirm,molecular",c.41A>G was detected in a patient with clinically and molecularly confirmed Shwachman-Diamond syndrome
MESH:D000081003,51119,26866830,,p.Asn14Ser is associated with Shwachman-Diamond syndrome
MESH:D000081003,51119,26866830,,p.Asn14Ser is involved in the genetic diagnosis of Shwachman-Diamond syndrome
MESH:D000081003,51119,26866830,,p.Asn14Ser was detected in a patient with Shwachman-Diamond syndrome
MESH:D000081003,51119,27127007,"mutat,phenotyp",SBDS carries mutations linked to Shwachman-Diamond syndrome phenotype
MESH:D000081003,51119,27127007,mutat,SBDS contains gene mutations related to Shwachman-Diamond syndrome
MESH:D000081003,51119,27127007,,SBDS has a role in the development of Shwachman-Diamond syndrome
MESH:D000081003,51119,27127007,mutat,SBDS has mutations linked to Shwachman-Diamond syndrome
MESH:D000081003,51119,27127007,,SBDS is a gene involved in Shwachman-Diamond syndrome
MESH:D000081003,51119,27127007,,SBDS is associated with Shwachman-Diamond syndrome
MESH:D000081003,51119,27127007,,SBDS is implicated in the development of clinical features of Shwachman-Diamond syndrome
MESH:D000081003,51119,27127007,defect,SBDS is linked to defective lipid metabolism in Shwachman-Diamond syndrome
MESH:D000081003,51119,27127007,,SBDS is related to neutropenia in Shwachman-Diamond syndrome
MESH:D000081003,51119,27127007,,SBDS may interfere with neutral lipid metabolism in Shwachman-Diamond syndrome
MESH:D000081003,51119,27127007,phenotyp,SBDS may interfere with the SDS phenotype
MESH:D000081003,51119,27127007,"mutat,phenotyp",SBDS mutations contribute to the phenotype of Shwachman-Diamond syndrome
MESH:D000081003,51119,27127007,phenotyp,c.258 + 2T>C contributes to the phenotype of Shwachman-Diamond syndrome
MESH:D000081003,51119,27127007,"compound,mutat",c.258 + 2T>C is a compound heterozygous mutation for Shwachman-Diamond syndrome
MESH:D000081003,51119,27127007,mutat,c.258 + 2T>C is a mutation associated with Shwachman-Diamond syndrome
MESH:D000081003,51119,27127007,"found,mutat",c.258 + 2T>C is a mutation found in Shwachman-Diamond syndrome
MESH:D000081003,51119,27127007,mutat,c.258 + 2T>C is a type of gene mutation linked to Shwachman-Diamond syndrome
MESH:D000081003,51119,27127007,"identifi,compound,mutat",c.258 + 2T>C is identified as a compound heterozygous mutation in Shwachman-Diamond syndrome
MESH:D000081003,51119,27127007,,c.258 + 2T>C is part of the genetic analysis in Shwachman-Diamond syndrome
MESH:D000081003,51119,27127007,defect,c.258 + 2T>C is related to defective SBDS in Shwachman-Diamond syndrome
MESH:D000081003,51119,27127007,phenotyp,c.258 + 2T>C may affect Shwachman-Diamond syndrome phenotype
MESH:D000081003,51119,27127007,found,c.258 + 2T>C was found in a patient with Shwachman-Diamond syndrome
MESH:D000081003,51119,27127007,phenotyp,c.284T>G contributes to Shwachman-Diamond syndrome phenotype
MESH:D000081003,51119,27127007,phenotyp,c.284T>G contributes to the phenotype of Shwachman-Diamond syndrome
MESH:D000081003,51119,27127007,mutat,c.284T>G is a mutation in Shwachman-Diamond syndrome
MESH:D000081003,51119,27127007,"found,novel,mutat",c.284T>G is a novel mutation found in Shwachman-Diamond syndrome
MESH:D000081003,51119,27127007,"novel,mutat,phenotyp",c.284T>G is a novel mutation linked to the SDS phenotype in Shwachman-Diamond syndrome
MESH:D000081003,51119,27127007,mutat,c.284T>G is a type of SBDS mutation related to Shwachman-Diamond syndrome
MESH:D000081003,51119,27127007,,c.284T>G is associated with Shwachman-Diamond syndrome
MESH:D000081003,51119,27127007,"found,compound,mutat",c.284T>G is found in a compound heterozygous SBDS mutation related to Shwachman-Diamond syndrome
MESH:D000081003,51119,27127007,identifi,c.284T>G is identified in patient with Shwachman-Diamond syndrome
MESH:D000081003,51119,27127007,found,c.284T>G was found in a patient with Shwachman-Diamond syndrome
MESH:D000081003,51119,27553422,caus,SBDS causes Shwachman-Diamond syndrome
MESH:D000081003,51119,27553422,,SBDS is associated with Shwachman-Diamond syndrome
MESH:D000081003,51119,27553422,,SBDS is associated with exocrine pancreatic insufficiency in Shwachman-Diamond syndrome
MESH:D000081003,51119,27553422,phenotyp,SBDS is relevant for the hematological phenotype of Shwachman-Diamond syndrome
MESH:D000081003,51119,27553422,,SBDS linked to hematological abnormalities in Shwachman-Diamond syndrome
MESH:D000081003,51119,27805607,,SBDS is a protein related to Shwachman-Diamond Syndrome
MESH:D000081003,51119,27805607,,SBDS is associated with Shwachman-Diamond Syndrome
MESH:D000081003,51119,27805607,mutat,SBDS is mutated in Shwachman-Diamond Syndrome
MESH:D000081003,51119,27805607,,SBDS plays a role in Shwachman-Diamond Syndrome
MESH:D000081003,51119,28056084,mutat,R126T carries a common mutation associated with SDS
MESH:D000081003,51119,28056084,,R126T demonstrates characteristics of SDS
MESH:D000081003,51119,28056084,,R126T is a mouse model for Shwachman-Diamond Syndrome (SDS)
MESH:D000081003,51119,28056084,mutat,R126T is a mutation associated with SDS
MESH:D000081003,51119,28056084,,R126T is associated with Shwachman-Diamond Syndrome (SDS)
MESH:D000081003,51119,28056084,found,R126T is found in SDS patients
MESH:D000081003,51119,28056084,,R126T is involved in the analysis of cellular functions related to SDS
MESH:D000081003,51119,28056084,,R126T is studied in mouse model of SDS
MESH:D000081003,51119,28056084,,R126T is used to study the effects of SBDS loss in SDS
MESH:D000081003,51119,28056084,result,R126T results in exocrine pancreatic insufficiency associated with SDS
MESH:D000081003,51119,28056084,caus,SBDS causes Shwachman-Diamond Syndrome (SDS)
MESH:D000081003,51119,28056084,,SBDS is a gene associated with SDS
MESH:D000081003,51119,28056084,,SBDS is necessary for ribosomal function in SDS
MESH:D000081003,51119,28056084,"lead,phenotyp",SBDS loss leads to a fragile cellular phenotype in SDS
MESH:D000081003,51119,28509441,caus,SBDS causes Shwachman-Diamond syndrome
MESH:D000081003,51119,28509441,caus,SBDS is a gene that causes Shwachman-Diamond syndrome
MESH:D000081003,51119,28509441,,SBDS is associated with Shwachman-Diamond syndrome
MESH:D000081003,51119,28509441,,SBDS is related to Shwachman-Diamond syndrome
MESH:D000081003,51119,28509441,,SBDS is the gene responsible for Shwachman-Diamond syndrome
MESH:D000081003,51119,28509441,found,SBDS was found in all patients with Shwachman-Diamond syndrome
MESH:D000081003,51119,28942353,defici,SBDS is deficient in ribosomopathy Shwachman-Diamond syndrome
MESH:D000081003,51119,28972538,"caus,mutat",SBDS gene mutations cause Shwachman-Diamond syndrome
MESH:D000081003,51119,28972538,,SBDS is associated with Shwachman-Diamond syndrome
MESH:D000081003,51119,28972538,,SBDS is linked to neutropenia in Shwachman-Diamond syndrome
MESH:D000081003,51119,28972538,"lead,mutat,phenotyp",SBDS mutations lead to Shwachman-Diamond syndrome phenotypes
MESH:D000081003,51119,29285795,,SBDS is associated with Shwachman-Diamond syndrome
MESH:D000081003,51119,29285795,,SBDS is linked to bone marrow failure in Shwachman-Diamond syndrome
MESH:D000081003,51119,29444436,"lead,defici",SBDS deficiency leads to telomere shortening in SDS patients
MESH:D000081003,51119,29444436,,SBDS is a gene related to SDS
MESH:D000081003,51119,29444436,causat,SBDS is a major causative reason for SDS
MESH:D000081003,51119,29444436,,SBDS is associated with SDS
MESH:D000081003,51119,29444436,,SBDS is linked to hematopoietic dysfunction in SDS
MESH:D000081003,51119,29444436,mutat,SBDS is mutated in SDS patients
MESH:D000081003,51119,29444436,"caus,mutat",SBDS mutation causes SDS
MESH:D000081003,51119,29444436,,SBDS plays a role in telomere protection in SDS
MESH:D000081003,51119,29444436,,SBDS plays a role in telomere protection related to SDS
MESH:D000081003,51119,29444436,,SBDS plays a role in the pathophysiology of SDS
MESH:D000081003,51119,30198570,mutat,Patients with biallelic SBDS mutations have Shwachman-Diamond Syndrome
MESH:D000081003,51119,30198570,,SBDS is associated with Shwachman-Diamond Syndrome
MESH:D000081003,51119,30198570,,SBDS is linked to Shwachman-Diamond Syndrome
MESH:D000081003,51119,30198570,"caus,mutat",SBDS mutations are a cause of Shwachman-Diamond Syndrome
MESH:D000081003,51119,30198570,"found,mutat",SBDS mutations are found in Shwachman-Diamond Syndrome patients
MESH:D000081003,51119,30308536,,SBDS is a gene linked to Shwachman-Diamond syndrome
MESH:D000081003,51119,30308536,,SBDS is associated with Shwachman-Diamond syndrome
MESH:D000081003,51119,30308536,"caus,mutat",SBDS mutation causes Shwachman-Diamond syndrome
MESH:D000081003,51119,30308536,,SBDS plays a role in Shwachman-Diamond syndrome
MESH:D000081003,51119,30308536,caus,c.258 + 2T > C is a genetic cause of Shwachman-Diamond syndrome
MESH:D000081003,51119,30308536,"found,mutat",c.258 + 2T > C is a mutation found in patients with Shwachman-Diamond syndrome
MESH:D000081003,51119,30308536,mutat,c.258 + 2T > C is a type of genetic mutation related to Shwachman-Diamond syndrome
MESH:D000081003,51119,30308536,,c.258 + 2T > C is associated with Shwachman-Diamond syndrome
MESH:D000081003,51119,30308536,identifi,c.258 + 2T > C was identified in 2 patients with Shwachman-Diamond syndrome
MESH:D000081003,51119,30308536,,c.428C > T contributes to the diagnosis of Shwachman-Diamond syndrome
MESH:D000081003,51119,30308536,"found,mutat",c.428C > T is a mutation found in patients with Shwachman-Diamond syndrome
MESH:D000081003,51119,30308536,,c.428C > T is associated with Shwachman-Diamond syndrome
MESH:D000081003,51119,30308536,sequenc,c.428C > T is part of the genetic sequencing related to Shwachman-Diamond syndrome
MESH:D000081003,51119,30308536,identifi,c.428C > T was identified in infants diagnosed with Shwachman-Diamond syndrome
MESH:D000081003,51119,30308536,identifi,c.428C > T was identified in two patients with Shwachman-Diamond syndrome
MESH:D000081003,51119,30308536,,patients with c.258 + 2T > C may have Shwachman-Diamond syndrome
MESH:D000081003,51119,30413969,,SBDS is a gene related to Shwachman-Diamond Syndrome
MESH:D000081003,51119,30413969,,SBDS is associated with Shwachman-Diamond syndrome (SDS)
MESH:D000081003,51119,30413969,phenotyp,SBDS is associated with an SDS-like phenotype
MESH:D000081003,51119,30413969,"caus,mutat",SBDS is caused by mutations in Shwachman-Diamond Syndrome
MESH:D000081003,51119,30413969,,SBDS is involved in ribosome biogenesis in Shwachman-Diamond syndrome
MESH:D000081003,51119,30413969,caus,SBDS is part of the genetic causes of Shwachman-Diamond Syndrome
MESH:D000081003,51119,30413969,,SBDS strengthens the postulate that SDS is a ribosomopathy
MESH:D000081003,51119,30780079,encod,SBDS encodes Shwachman-Diamond syndrome protein
MESH:D000081003,51119,30780079,,SBDS is a protein involved in Shwachman-Diamond syndrome
MESH:D000081003,51119,30780079,,SBDS is associated with Shwachman-Diamond syndrome
MESH:D000081003,51119,30780079,,SBDS is relevant to the study of Shwachman-Diamond syndrome
MESH:D000081003,51119,30780079,"caus,mutat",SBDS mutations cause Shwachman-Diamond syndrome
MESH:D000081003,51119,30780079,,SBDS plays a role in Shwachman-Diamond syndrome
MESH:D000081003,51119,30938873,,SBDS is involved in SDS progression
MESH:D000081003,51119,30938873,caus,SBDS is the most common cause of Shwachman-Diamond syndrome
MESH:D000081003,51119,30938873,lead,loss of SBDS leads to mitochondria damage in SDS
MESH:D000081003,51119,30938873,mutat,mutations in SBDS are involved in SDS progression
MESH:D000081003,51119,31838967,,SBDS is associated with Shwachman-Diamond Syndrome
MESH:D000081003,51119,31838967,"caus,mutat",SBDS mutations cause Shwachman-Diamond Syndrome
MESH:D000081003,51119,31838967,"lead,mutat",SBDS mutations lead to Shwachman-Diamond Syndrome
MESH:D000081003,51119,32037152,mutat,SBDS gene is mutated in Shwachman-Diamond syndrome
MESH:D000081003,51119,32037152,"caus,mutat",SBDS gene mutations cause Shwachman-Diamond syndrome
MESH:D000081003,51119,32037152,,SBDS is associated with Shwachman-Diamond syndrome
MESH:D000081003,51119,32037152,"confirm,mutat",SBDS is confirmed by mutational analysis in Shwachman-Diamond syndrome
MESH:D000081003,51119,32037152,,SBDS is involved in hematologic complications of Shwachman-Diamond syndrome
MESH:D000081003,51119,32037152,,SBDS is required for diagnosing Shwachman-Diamond syndrome
MESH:D000081003,51119,32104616,,SBDS is a gene involved in Shwachman-Diamond Syndrome
MESH:D000081003,51119,32104616,,SBDS is a gene linked to Shwachman-Diamond syndrome
MESH:D000081003,51119,32104616,,SBDS is associated with Shwachman-Diamond Syndrome
MESH:D000081003,51119,32104616,manifest,SBDS plays a role in the manifestation of Shwachman-Diamond syndrome
MESH:D000081003,51119,32104616,,SBDS plays a role in the pathology of Shwachman-Diamond Syndrome
MESH:D000081003,51119,32293785,caus,SBDS causes Shwachman-Diamond syndrome
MESH:D000081003,51119,32293785,,SBDS is a gene linked to Shwachman-Diamond syndrome
MESH:D000081003,51119,32293785,,SBDS is associated with Shwachman-Diamond syndrome
MESH:D000081003,51119,32293785,,SBDS is critical for the proper functioning in Shwachman-Diamond syndrome
MESH:D000081003,51119,32293785,"caus,mutat",SBDS mutation causes Shwachman-Diamond syndrome
MESH:D000081003,51119,32293785,"lead,mutat",SBDS mutations lead to Shwachman-Diamond syndrome
MESH:D000081003,51119,32412173,,184TA>CT is associated with Shwachman-Diamond syndrome
MESH:D000081003,51119,32412173,,184TA>CT is detected in gene conversion events related to Shwachman-Diamond syndrome
MESH:D000081003,51119,32412173,,184TA>CT is involved in the pathology of Shwachman-Diamond syndrome
MESH:D000081003,51119,32412173,,201A>G contributes to Shwachman-Diamond syndrome diagnosis issues
MESH:D000081003,51119,32412173,,201A>G contributes to diagnostic discrepancies in Shwachman-Diamond syndrome
MESH:D000081003,51119,32412173,,201A>G is associated with Shwachman-Diamond syndrome
MESH:D000081003,51119,32412173,found,201A>G was found in patients with Shwachman-Diamond syndrome
MESH:D000081003,51119,32412173,,201A>G was involved in gene conversion events related to Shwachman-Diamond syndrome
MESH:D000081003,51119,32412173,,258+2T>C exhibits a variant allele frequency of 0.85 in Shwachman-Diamond syndrome
MESH:D000081003,51119,32412173,pathogen,258+2T>C is a pathogenic allele in Shwachman-Diamond syndrome
MESH:D000081003,51119,32412173,,258+2T>C is associated with Shwachman-Diamond syndrome
MESH:D000081003,51119,32412173,,258+2T>C is one of the alleles involved in Shwachman-Diamond syndrome
MESH:D000081003,51119,32412173,,258+2T>C shows a variant allele frequency of around 0.85 in Shwachman-Diamond syndrome cases
MESH:D000081003,51119,32412173,identifi,258+2T>C was identified in patients with Shwachman-Diamond syndrome
MESH:D000081003,51119,32412173,caus,SBDS causes Shwachman-Diamond syndrome
MESH:D000081003,51119,32434641,mutat,Mutations in SBDS are a feature of Shwachman-Diamond syndrome
MESH:D000081003,51119,32434641,,SBDS gene is involved in the pathogenesis of Shwachman-Diamond syndrome
MESH:D000081003,51119,32434641,mutat,SBDS gene is mutated in Shwachman-Diamond syndrome
MESH:D000081003,51119,32434641,,SBDS gene was detected in children with Shwachman-Diamond syndrome
MESH:D000081003,51119,32434641,,SBDS is associated with Shwachman-Diamond syndrome
MESH:D000081003,51119,32434641,malign,SBDS is linked to malignant myeloid transformation in Shwachman-Diamond syndrome
MESH:D000081003,51119,32434641,mutat,SBDS mutations of Shwachman-Diamond syndrome
MESH:D000081003,51119,32434641,malign,c.184A>T contributes to malignant myeloid transformation in Shwachman-Diamond syndrome
MESH:D000081003,51119,32434641,mutat,c.184A>T is a mutation associated with Shwachman-Diamond syndrome
MESH:D000081003,51119,32434641,mutat,c.184A>T is a type of SBDS gene mutation related to Shwachman-Diamond syndrome
MESH:D000081003,51119,32434641,mutat,c.184A>T is a type of gene mutation in Shwachman-Diamond syndrome
MESH:D000081003,51119,32434641,"compound,mutat",c.184A>T is classified as a compound heterozygous mutation in Shwachman-Diamond syndrome
MESH:D000081003,51119,32434641,,c.184A>T was detected in children with Shwachman-Diamond syndrome
MESH:D000081003,51119,32434641,mutat,c.258+2T>C is a mutation associated with Shwachman-Diamond syndrome
MESH:D000081003,51119,32434641,mutat,c.258+2T>C is classified as homozygous mutation in Shwachman-Diamond syndrome
MESH:D000081003,51119,32434641,"found,malign",c.258+2T>C is found in 45% of children with Shwachman-Diamond syndrome and malignant myeloid transformation
MESH:D000081003,51119,32434641,occur,c.258+2T>C occurs in Shwachman-Diamond syndrome
MESH:D000081003,51119,32434641,,c.258+2T>C was detected in children with Shwachman-Diamond syndrome
MESH:D000081003,51119,32434641,malign,c.634_635insAACATACCTGT contributes to malignant myeloid transformation in Shwachman-Diamond syndrome
MESH:D000081003,51119,32434641,mutat,c.634_635insAACATACCTGT is a mutation in Shwachman-Diamond syndrome
MESH:D000081003,51119,32434641,,c.634_635insAACATACCTGT is associated with Shwachman-Diamond syndrome
MESH:D000081003,51119,32434641,pathogen,c.634_635insAACATACCTGT is rated as pathogenic in Shwachman-Diamond syndrome
MESH:D000081003,51119,32434641,,c.634_635insAACATACCTGT was detected in children with Shwachman-Diamond syndrome
MESH:D000081003,51119,32434641,,c.637_638delGA affects SBDS gene linked to Shwachman-Diamond syndrome
MESH:D000081003,51119,32434641,mutat,c.637_638delGA is a mutation associated with Shwachman-Diamond syndrome
MESH:D000081003,51119,32434641,mutat,c.637_638delGA is a mutation in Shwachman-Diamond syndrome
MESH:D000081003,51119,32434641,,c.637_638delGA is associated with clinical features of Shwachman-Diamond syndrome
MESH:D000081003,51119,32434641,,c.637_638delGA is detected in children with Shwachman-Diamond syndrome
MESH:D000081003,51119,32434641,malign,c.637_638delGA is related to malignant myeloid transformation in Shwachman-Diamond syndrome
MESH:D000081003,51119,32434641,pathogen,c.637_638delGA was rated as possibly pathogenic in Shwachman-Diamond syndrome
MESH:D000081003,51119,32434641,mutat,c.8T>C is a mutation associated with Shwachman-Diamond syndrome
MESH:D000081003,51119,32434641,mutat,c.8T>C is a mutation of SBDS gene in Shwachman-Diamond syndrome
MESH:D000081003,51119,32434641,pathogen,c.8T>C is rated as possibly pathogenic in Shwachman-Diamond syndrome
MESH:D000081003,51119,32434641,,c.8T>C was detected in children with Shwachman-Diamond syndrome
MESH:D000081003,51119,32434641,mutat,mutations of the SBDS gene are detected in children with Shwachman-Diamond syndrome
MESH:D000081003,51119,32657013,phenotyp,SBDS is a gene linked to SDS phenotype
MESH:D000081003,51119,32657013,caus,SBDS is a gene that causes Shwachman-Diamond syndrome
MESH:D000081003,51119,32657013,,SBDS is associated with Shwachman-Diamond syndrome
MESH:D000081003,51119,32657013,,SBDS is one of the genes linked to Shwachman-Diamond syndrome
MESH:D000081003,51119,32657013,"found,mutat",SBDS mutations are found in 90% of patients with Shwachman-Diamond syndrome
MESH:D000081003,51119,32657013,mutat,SBDS mutations in are associated with Shwachman-Diamond syndrome
MESH:D000081003,51119,32908229,caus,SBDS causes Shwachman-Diamond syndrome
MESH:D000081003,51119,32908229,"caus,mutat",SBDS is caused by mutations in Shwachman-Diamond syndrome
MESH:D000081003,51119,32908229,,SBDS is linked to hematopoietic abnormalities in Shwachman-Diamond syndrome
MESH:D000081003,51119,32908229,,SBDS plays a role in Shwachman-Diamond syndrome
MESH:D000081003,51119,32944219,mutat,SBDS has mutations in Shwachman-Diamond syndrome
MESH:D000081003,51119,32944219,mutat,SBDS has mutations in patients with Shwachman-Diamond syndrome
MESH:D000081003,51119,32944219,,SBDS is associated with development of Shwachman-Diamond syndrome
MESH:D000081003,51119,32944219,,SBDS is linked to the pathogenesis of Shwachman-Diamond syndrome
MESH:D000081003,51119,32944219,,SBDS is the gene associated with Shwachman-Diamond syndrome
MESH:D000081003,51119,33115644,caus,SBDS causes Shwachman-Diamond syndrome
MESH:D000081003,51119,33115644,caus,SBDS causes neurodevelopmental disorders in Shwachman-Diamond syndrome
MESH:D000081003,51119,33115644,,SBDS is associated with Shwachman-Diamond syndrome
MESH:D000081003,51119,33115644,,SBDS is linked to ribosomopathies including Shwachman-Diamond syndrome
MESH:D000081003,51119,33115644,,SBDS is the causal gene for Shwachman-Diamond syndrome
MESH:D000081003,51119,33115644,lead,reduction in physiological SBDS functions leads to neurological impairments in Shwachman-Diamond syndrome
MESH:D000081003,51119,33607811,,258 +2T>C contributes to the genetic profile of Shwachman-Diamond syndrome
MESH:D000081003,51119,33607811,mutat,258 +2T>C is a heterozygous mutation of sbdsc gene related to Shwachman-Diamond syndrome
MESH:D000081003,51119,33607811,mutat,258 +2T>C is a mutation associated with Shwachman-Diamond syndrome
MESH:D000081003,51119,33607811,mutat,258 +2T>C is a mutation in Shwachman-Diamond syndrome
MESH:D000081003,51119,33607811,,258 +2T>C was detected in a patient with Shwachman-Diamond syndrome
MESH:D000081003,51119,33607811,identifi,258 +2T>C was identified as part of the genetic analysis for Shwachman-Diamond syndrome
MESH:D000081003,51119,33607811,identifi,258 +2T>C was identified during genetic testing for Shwachman-Diamond syndrome
MESH:D000081003,51119,33607811,manifest,c.184a>T contributes to clinical manifestations of Shwachman-Diamond syndrome
MESH:D000081003,51119,33607811,,c.184a>T contributes to the genetic abnormalities of Shwachman-Diamond syndrome
MESH:D000081003,51119,33607811,"found,mutat",c.184a>T is a mutation found in patients with Shwachman-Diamond syndrome
MESH:D000081003,51119,33607811,,c.184a>T is associated with Shwachman-Diamond syndrome
MESH:D000081003,51119,33607811,,c.184a>T is one of the genetic abnormalities linked to Shwachman-Diamond syndrome
MESH:D000081003,51119,33607811,mutat,c.184a>T is part of heterozygous mutations related to Shwachman-Diamond syndrome
MESH:D000081003,51119,33607811,,c.184a>T was detected in a patient with Shwachman-Diamond syndrome
MESH:D000081003,51119,33607811,found,c.184a>T was found alongside sbdsc.258 +2T>C in Shwachman-Diamond syndrome
MESH:D000081003,51119,33607811,identifi,c.184a>T was identified in the genetic analysis of Shwachman-Diamond syndrome
MESH:D000081003,51119,33619711,,SBDS gene is linked to growth hormone dysfunction in Shwachman-Diamond syndrome
MESH:D000081003,51119,33619711,"lead,mutat",SBDS gene mutations lead to Shwachman-Diamond syndrome
MESH:D000081003,51119,33619711,,SBDS is a gene related to Shwachman-Diamond syndrome
MESH:D000081003,51119,33619711,,SBDS is associated with Shwachman-Diamond syndrome
MESH:D000081003,51119,33619711,"caus,mutat",SBDS mutations cause Shwachman-Diamond syndrome
MESH:D000081003,51119,34115847,caus,SBDS causes Shwachman-Diamond syndrome
MESH:D000081003,51119,34115847,caus,SBDS is caused by variants in Shwachman-Diamond syndrome
MESH:D000081003,51119,34413298,,SBDS impairs ribosome assembly in Shwachman-Diamond syndrome
MESH:D000081003,51119,34413298,,SBDS is associated with Shwachman-Diamond syndrome
MESH:D000081003,51119,34413298,defect,SBDS is defective in Shwachman-Diamond syndrome
MESH:D000081003,51119,34413298,predisposit,SBDS is linked to leukemia predisposition in Shwachman-Diamond syndrome
MESH:D000081003,51119,34413298,predisposit,SBDS plays a role in leukemia predisposition in Shwachman-Diamond syndrome
MESH:D000081003,51119,34625796,defici,SBDS deficiency affects Shwachman-Diamond syndrome
MESH:D000081003,51119,34625796,defici,SBDS deficiency is a component of Shwachman-Diamond syndrome
MESH:D000081003,51119,34625796,defici,SBDS deficiency is linked to bone marrow dysfunction in Shwachman-Diamond syndrome
MESH:D000081003,51119,34625796,,SBDS is associated with Shwachman-Diamond syndrome
MESH:D000081003,51119,34625796,,SBDS is important for hematopoietic health in Shwachman-Diamond syndrome
MESH:D000081003,51119,34625796,,SBDS plays a role in hematopoietic stem cell engraftment in Shwachman-Diamond syndrome
MESH:D000081003,51119,34625796,,SBDS plays a role in the pathogenesis of Shwachman-Diamond syndrome
MESH:D000081003,51119,34704233,,I167M contributes to the development of leukemia in Shwachman-Diamond syndrome patients
MESH:D000081003,51119,34704233,mutat,I167M is a mutation in Shwachman-Diamond syndrome
MESH:D000081003,51119,34704233,,I167M is associated with Shwachman-Diamond syndrome
MESH:D000081003,51119,34704233,,I167M is associated with asymptomatic Shwachman-Diamond syndrome
MESH:D000081003,51119,34704233,,I167M may have significance in Shwachman-Diamond syndrome
MESH:D000081003,51119,34704233,"found,mutat",I167M was found alongside the K62X mutation in Shwachman-Diamond syndrome
MESH:D000081003,51119,34704233,identifi,I167M was identified in an AML patient with Shwachman-Diamond syndrome
MESH:D000081003,51119,34704233,identifi,I167M was identified in an asymptomatic patient with SDS
MESH:D000081003,51119,34704233,caus,SBDS causes Shwachman-Diamond syndrome
MESH:D000081003,51119,34704233,,SBDS is implicated in exocrine pancreatic dysfunction in Shwachman-Diamond syndrome
MESH:D000081003,51119,34704233,,SBDS is linked to increased risk of acute myeloid leukemia in Shwachman-Diamond syndrome patients
MESH:D000081003,51119,34704233,,SBDS is linked to skeletal abnormalities in Shwachman-Diamond syndrome
MESH:D000081003,51119,34704233,,SBDS is the gene associated with Shwachman-Diamond syndrome
MESH:D000081003,51119,34704233,mutat,SBDS mutations increase the risk of acute myeloid leukemia in Shwachman-Diamond syndrome patients
MESH:D000081003,51119,34704233,,p.K62X contributes to the development of leukemia in patients with Shwachman-Diamond syndrome
MESH:D000081003,51119,34704233,,p.K62X contributes to the symptoms of Shwachman-Diamond syndrome
MESH:D000081003,51119,34704233,"pathogen,mutat",p.K62X is a pathogenic mutation in Shwachman-Diamond syndrome
MESH:D000081003,51119,34704233,,p.K62X is associated with Shwachman-Diamond syndrome
MESH:D000081003,51119,34704233,"pathogen,mutat",p.K62X is one of the most common pathogenic mutations in Shwachman-Diamond syndrome
MESH:D000081003,51119,34704233,identifi,p.K62X was identified in a patient with Shwachman-Diamond syndrome
MESH:D000081003,51119,34758064,,SBDS is associated with Shwachman-Diamond syndrome
MESH:D000081003,51119,34758064,,SBDS is present in patients with Shwachman-Diamond syndrome
MESH:D000081003,51119,34758064,"lead,mutat",SBDS mutations lead to hematologic complications in Shwachman-Diamond syndrome
MESH:D000081003,51119,34758064,mutat,c.258 + 2T>C is a variant associated with biallelic SBDS mutations in Shwachman-Diamond syndrome
MESH:D000081003,51119,34758064,mutat,c.258 + 2T>C is a variant of biallelic SBDS mutations associated with Shwachman-Diamond syndrome
MESH:D000081003,51119,34758064,,c.258 + 2T>C is linked to hematologic complications in Shwachman-Diamond syndrome
MESH:D000081003,51119,34758064,,c.258 + 2T>C is present in all but 1 patient with Shwachman-Diamond syndrome
MESH:D000081003,51119,34758064,,c.258 + 2T>C is related to Shwachman-Diamond syndrome
MESH:D000081003,51119,34819134,caus,SBDS causes Shwachman-Diamond syndrome
MESH:D000081003,51119,34819134,drive,SBDS drives karyotype instability in Shwachman-diamond syndrome
MESH:D000081003,51119,34819134,,SBDS exerts selective pressure in Shwachman-diamond syndrome
MESH:D000081003,51119,34819134,,SBDS is a gene associated with Shwachman-Diamond syndrome
MESH:D000081003,51119,34819134,,SBDS is associated with anomalies in chromosomes 7 and 20 in Shwachman-Diamond syndrome
MESH:D000081003,51119,34819134,"caus,mutat",SBDS is caused by mutations in Shwachman-diamond syndrome
MESH:D000081003,51119,34819134,lead,SBDS leads to clonal variations in Shwachman-Diamond syndrome
MESH:D000081003,51119,34819134,mutat,mutations of SBDS are associated with Shwachman-diamond syndrome
MESH:D000081003,51119,34819134,"found,mutat",mutations of SBDS are found in patients with Shwachman-Diamond syndrome
MESH:D000081003,51119,34925993,,SBDS is a gene linked to Shwachman-Diamond syndrome
MESH:D000081003,51119,34925993,,SBDS is associated with Shwachman-Diamond syndrome
MESH:D000081003,51119,34925993,"caus,mutat",SBDS mutation causes Shwachman-Diamond syndrome
MESH:D000081003,51119,34925993,,SBDS plays a role in Shwachman-Diamond syndrome
MESH:D000081003,51119,34925993,,SBDS plays a role in diagnosing Shwachman-Diamond syndrome
MESH:D000081003,51119,34948128,,SBDS affects bone marrow failure in Shwachman-Diamond Syndrome
MESH:D000081003,51119,34948128,,SBDS affects osteoblast functions in Shwachman-Diamond syndrome
MESH:D000081003,51119,34948128,,SBDS expression is reduced in osteoBlasts from Shwachman-Diamond syndrome patients
MESH:D000081003,51119,34948128,,SBDS is associated with Shwachman-Diamond Syndrome
MESH:D000081003,51119,34948128,,SBDS is involved in Shwachman-Diamond Syndrome
MESH:D000081003,51119,34948128,,SBDS is linked to skeletal abnormalities in Shwachman-Diamond Syndrome
MESH:D000081003,51119,35158210,caus,SBDS causes Shwachman-Diamond syndrome
MESH:D000081003,51119,35264508,caus,SBDS gene abnormalities cause Shwachman-Diamond syndrome
MESH:D000081003,51119,35264508,,SBDS is associated with Shwachman-Diamond syndrome
MESH:D000081003,51119,35264508,"lead,mutat",SBDS mutation leads to Shwachman-Diamond syndrome
MESH:D000081003,51119,35264508,,SBDS plays a role in Shwachman-Diamond syndrome
MESH:D000081003,51119,35264508,,c.258+2T>C contributes to Shwachman-Diamond syndrome
MESH:D000081003,51119,35264508,,c.258+2T>C indicates Shwachman-Diamond syndrome
MESH:D000081003,51119,35264508,,c.258+2T>C is a gene abnormality related to Shwachman-Diamond syndrome
MESH:D000081003,51119,35264508,mutat,c.258+2T>C is a mutation in Shwachman-Diamond syndrome
MESH:D000081003,51119,35264508,,c.258+2T>C is associated with Shwachman-Diamond syndrome
MESH:D000081003,51119,35322020,"predisposit,mutat",SBDS is mutated in leukemia predisposition disorder Shwachman-Diamond syndrome
MESH:D000081003,51119,35322185,pathogen,Biallelic pathogenic variants in SBDS are present in Shwachman Diamond Syndrome
MESH:D000081003,51119,35322185,found,PV in SBDS is found in patients with Shwachman Diamond Syndrome
MESH:D000081003,51119,35322185,,SBDS c.258 + 2T > C and c.183_184TA > CT are the most common genotypes in Shwachman Diamond Syndrome patients
MESH:D000081003,51119,35322185,,SBDS is associated with Shwachman Diamond Syndrome
MESH:D000081003,51119,35322185,,SBDS may vary based on genotype in Shwachman Diamond Syndrome
MESH:D000081003,51119,35322185,phenotyp,c.183_184TA > CT contributes to the phenotypic features of Shwachman Diamond Syndrome
MESH:D000081003,51119,35322185,"found,pathogen",c.183_184TA > CT is a biallelic pathogenic variant found in Shwachman Diamond Syndrome
MESH:D000081003,51119,35322185,,c.183_184TA > CT is a common genotype in Shwachman Diamond Syndrome
MESH:D000081003,51119,35322185,,c.183_184TA > CT is associated with Shwachman Diamond Syndrome
MESH:D000081003,51119,35322185,phenotyp,c.183_184TA > CT is linked to the phenotype of Shwachman Diamond Syndrome
MESH:D000081003,51119,35322185,,c.183_184TA > CT is present in patients with Shwachman Diamond Syndrome
MESH:D000081003,51119,35322185,occur,c.183_184TA > CT occurs in patients with Shwachman Diamond Syndrome
MESH:D000081003,51119,35322185,identifi,c.183_184TA > CT was identified in the majority of patients with Shwachman Diamond Syndrome
MESH:D000081003,51119,35322185,phenotyp,c.258 + 2T > C contributes to the phenotypic features of Shwachman Diamond Syndrome
MESH:D000081003,51119,35322185,pathogen,c.258 + 2T > C is a biallelic pathogenic variant in Shwachman Diamond Syndrome
MESH:D000081003,51119,35322185,,c.258 + 2T > C is a genotype of Shwachman Diamond Syndrome
MESH:D000081003,51119,35322185,,c.258 + 2T > C is associated with Shwachman Diamond Syndrome
MESH:D000081003,51119,35322185,,c.258 + 2T > C is one of the most common genotypes in Shwachman Diamond Syndrome
MESH:D000081003,51119,35322185,,c.258 + 2T > C was present in patients with Shwachman Diamond Syndrome
MESH:D000081003,51119,35453634,,K62X increases the risk of Shwachman-Diamond Syndrome
MESH:D000081003,51119,35453634,mutat,K62X is a mutation associated with Shwachman-Diamond Syndrome
MESH:D000081003,51119,35453634,mutat,K62X is a mutation in Shwachman-Diamond Syndrome patients
MESH:D000081003,51119,35453634,"found,nonsens,mutat",K62X is a nonsense mutation found in Shwachman-Diamond Syndrome
MESH:D000081003,51119,35453634,result,K62X results in bone marrow hypocellularity in Shwachman-Diamond Syndrome
MESH:D000081003,51119,35453634,,SBDS correlates with neutropenia in Shwachman-Diamond Syndrome
MESH:D000081003,51119,35453634,"lead,defici",SBDS deficiency leads to Shwachman-Diamond syndrome symptoms
MESH:D000081003,51119,35453634,"lead,defici",SBDS deficiency leads to bone marrow failure in Shwachman-Diamond Syndrome
MESH:D000081003,51119,35453634,,SBDS expression is restored by ataluren in Shwachman-Diamond Syndrome
MESH:D000081003,51119,35453634,,SBDS is a protein affected by Shwachman-Diamond syndrome
MESH:D000081003,51119,35453634,,SBDS is associated with Shwachman-Diamond Syndrome
MESH:D000081003,51119,35453634,mutat,SBDS is mutated in Shwachman-Diamond Syndrome patients
MESH:D000081003,51119,35453634,mutat,SBDS mutation is common in Shwachman-Diamond syndrome
MESH:D000081003,51119,35453634,,SBDS plays a role in bone marrow function in Shwachman-Diamond syndrome
MESH:D000081003,51119,35453634,caus,c.183-184TA>CT causes neutropenia in Shwachman-Diamond Syndrome
MESH:D000081003,51119,35453634,,c.183-184TA>CT increases the risk of myelodysplastic syndrome in Shwachman-Diamond syndrome
MESH:D000081003,51119,35453634,"found,mutat",c.183-184TA>CT is a common mutation found in Shwachman-Diamond Syndrome
MESH:D000081003,51119,35453634,mutat,c.183-184TA>CT is a mutation associated with Shwachman-Diamond Syndrome
MESH:D000081003,51119,35453634,mutat,c.183-184TA>CT is a mutation in Shwachman-Diamond Syndrome
MESH:D000081003,51119,35453634,"nonsens,mutat",c.183-184TA>CT is a nonsense mutation affecting Shwachman-Diamond Syndrome
MESH:D000081003,51119,35453634,,c.183-184TA>CT is present in most Shwachman-Diamond Syndrome patients
MESH:D000081003,51119,35453634,lead,c.183-184TA>CT leads to bone marrow failure in Shwachman-Diamond Syndrome
MESH:D000081003,51119,35453634,lead,c.183-184TA>CT leads to hypocellular bone marrow in Shwachman-Diamond syndrome patients
MESH:D000081003,51119,35887285,,I212T contributes to the pathogenesis of Shwachman-Diamond Syndrome
MESH:D000081003,51119,35887285,,I212T is associated with Shwachman-Diamond Syndrome
MESH:D000081003,51119,35887285,phenotyp,I212T is responsible for Shwachman-Diamond Syndrome phenotype
MESH:D000081003,51119,35887285,,R126T is associated with Shwachman-Diamond Syndrome
MESH:D000081003,51119,35887285,,R126T was studied in relation to Shwachman-Diamond Syndrome
MESH:D000081003,51119,35887285,,R19Q is associated with Shwachman-Diamond Syndrome
MESH:D000081003,51119,35887285,phenotyp,R19Q is responsible for Shwachman-Diamond Syndrome phenotype
MESH:D000081003,51119,35887285,,SBDS functions in the pathogenesis of Shwachman-Diamond Syndrome
MESH:D000081003,51119,35887285,,SBDS is a protein involved in Shwachman-Diamond Syndrome
MESH:D000081003,51119,35887285,,SBDS is a protein related to Shwachman-Diamond Syndrome
MESH:D000081003,51119,35887285,,SBDS is associated with Shwachman-Diamond Syndrome
MESH:D000081003,51119,35887285,"caus,mutat",SBDS mutations cause Shwachman-Diamond Syndrome
MESH:D000081003,51119,35887285,mutat,SBDS mutations in Shwachman-Diamond Syndrome patients
MESH:D000081003,51119,35887285,,SBDS plays a role in the pathogenesis of Shwachman-Diamond Syndrome
MESH:D000081003,51119,35893049,"found,mutat",Biallelic mutations in the SBDS gene are found in about 90% of patients with Shwachman-Diamond Syndrome
MESH:D000081003,51119,35893049,caus,SBDS causes neutropenia and pancreatic exocrine insufficiency in Shwachman-Diamond Syndrome
MESH:D000081003,51119,35893049,found,SBDS has been found in about 90% of patients with Shwachman-Diamond Syndrome
MESH:D000081003,51119,35893049,,SBDS is a gene related to Shwachman-Diamond Syndrome
MESH:D000081003,51119,35893049,,SBDS is associated with Shwachman-Diamond Syndrome
MESH:D000081003,51119,35893049,mutat,SBDS mutations are carried by two siblings with Shwachman-Diamond Syndrome
MESH:D000081003,51119,35893049,"found,mutat",SBDS mutations found in 90% of patients with Shwachman-Diamond Syndrome
MESH:D000081003,51119,36009035,"lead,defect",Defects in SBDS lead to Shwachman-Diamond Syndrome
MESH:D000081003,51119,36009035,"caus,mutat",Mutations in SBDS cause Shwachman-Diamond Syndrome
MESH:D000081003,51119,36009035,,SBDS is a protein involved in Shwachman-Diamond Syndrome
MESH:D000081003,51119,36009035,,SBDS is associated with Shwachman-Diamond Syndrome
MESH:D000081003,51119,36009035,"caus,mutat",SBDS mutations cause Shwachman-Diamond Syndrome
MESH:D000081003,51119,36009035,"result,mutat",SBDS mutations result in Shwachman-Diamond Syndrome
MESH:D000081003,51119,36009035,,SBDS plays a role in the pathology of Shwachman-Diamond Syndrome
MESH:D000081003,51119,36035165,,SBDS contributes to the pathology of Shwachman-Diamond syndrome
MESH:D000081003,51119,36035165,heterogen,SBDS exhibits low allelic heterogeneity in Shwachman-Diamond syndrome
MESH:D000081003,51119,36035165,pathogen,SBDS has pathogenic variants in Shwachman-Diamond syndrome
MESH:D000081003,51119,36035165,,SBDS is associated with Shwachman-Diamond syndrome
MESH:D000081003,51119,36035165,identifi,SBDS is the first gene identified for Shwachman-Diamond syndrome
MESH:D000081003,51119,36035165,"lead,mutat",SBDS mutations lead to Shwachman-Diamond syndrome symptoms
MESH:D000081003,51119,36162759,,SBDS gene contains common variants associated with Shwachman-Diamond syndrome
MESH:D000081003,51119,36162759,,SBDS gene is commonly associated with Shwachman-Diamond syndrome
MESH:D000081003,51119,36162759,,SBDS is associated with Shwachman-Diamond syndrome
MESH:D000081003,51119,36162759,,SBDS is linked to exocrine pancreatic insufficiency in Shwachman-Diamond syndrome
MESH:D000081003,51119,36162759,caus,SBDS is the cause of Shwachman-Diamond syndrome
MESH:D000081003,51119,36162759,mutat,SBDS is the most common mutation in Shwachman-Diamond syndrome
MESH:D000081003,51119,36162759,,c.183_184delinsCT contributes to Shwachman-Diamond syndrome
MESH:D000081003,51119,36162759,mutat,c.183_184delinsCT is a common mutation in Shwachman-Diamond syndrome
MESH:D000081003,51119,36162759,,c.183_184delinsCT is detected in patients with Shwachman-Diamond syndrome
MESH:D000081003,51119,36162759,,c.183_184delinsCT is one of the two most common variants in Shwachman-Diamond syndrome
MESH:D000081003,51119,36162759,,c.258+2T>C contributes to Shwachman-Diamond syndrome
MESH:D000081003,51119,36162759,,c.258+2T>C contributes to exocrine pancreatic insufficiency in Shwachman-Diamond syndrome
MESH:D000081003,51119,36162759,mutat,c.258+2T>C is a mutation associated with Shwachman-Diamond syndrome
MESH:D000081003,51119,36162759,,c.258+2T>C is a variant of Shwachman-Diamond syndrome
MESH:D000081003,51119,36162759,molecular,c.258+2T>C is analyzed in molecular diagnosis of Shwachman-Diamond syndrome
MESH:D000081003,51119,36162759,,c.258+2T>C is carried by 90% of patients with Shwachman-Diamond syndrome
MESH:D000081003,51119,36162759,,c.258+2T>C is compared with other SBDS variants in Shwachman-Diamond syndrome
MESH:D000081003,51119,36162759,,c.258+2T>C is detected in Shwachman-Diamond syndrome patients
MESH:D000081003,51119,36162759,,c.258+2T>C is detected in patients with Shwachman-Diamond syndrome
MESH:D000081003,51119,36162759,,c.258+2T>C is most common in Shwachman-Diamond syndrome
MESH:D000081003,51119,36162759,mutat,c.258+2T>C is one of the common mutations associated with Shwachman-Diamond syndrome
MESH:D000081003,51119,36162759,,c.258+2T>C is one of the most common variants in Shwachman-Diamond syndrome
MESH:D000081003,51119,36162759,precis,c.258+2T>C requires precise detection in the diagnosis of Shwachman-Diamond syndrome
MESH:D000081003,51119,36162759,"lead,mutat",mutations in SBDS lead to Shwachman-Diamond syndrome
MESH:D000081003,51119,36577524,mutat,SBDS contains mutations linked to Shwachman-Diamond syndrome
MESH:D000081003,51119,36577524,phenotyp,SBDS gene is responsible for the phenotype of Shwachman-Diamond syndrome
MESH:D000081003,51119,36577524,mutat,SBDS has mutations in patients with Shwachman-Diamond syndrome
MESH:D000081003,51119,36577524,,SBDS is associated with Shwachman-Diamond syndrome
MESH:D000081003,51119,36577524,phenotyp,SBDS is associated with phenotypes of Shwachman-Diamond syndrome
MESH:D000081003,51119,36577524,,SBDS is responsible for Shwachman-Diamond syndrome
MESH:D000081003,51119,36577524,,SBDS plays a role in the diagnosis of Shwachman-Diamond syndrome
MESH:D000081003,51119,36577524,"mutat,phenotyp",mutations in SBDS are responsible for the phenotype of Shwachman-Diamond syndrome
MESH:D000081003,51119,36577524,mutat,mutations in SBDS reveal a diagnosis of Shwachman-Diamond syndrome
MESH:D000081003,51119,36577524,"confirm,mutat",two mutations in SBDS confirm diagnosis of Shwachman-Diamond syndrome
